TransactionID,ProductID,CustomerID,StaffID,Date,Quantity,UnitPrice,StoreLocation,PaymentType,PromotionApplied,Weather,Temperature,StaffPerformanceRating,CustomerFeedback,DeliveryTime_min,OrderType,DayOfWeek,TotalSales
0,0,0,0,,2,12.532304149429804,,,True,,20.654913930695127,,,30,,,25.064608298859607
1,0,0,0,,1,7.083069895947755,,,False,,23.54949697205013,,,33,,,7.083069895947755
2,0,0,0,,5,6.736064100180581,,,True,,27.154342182681738,,,43,,,33.68032050090291
3,0,0,0,,2,7.314823479246191,,,False,,20.13748325275725,,,32,,,14.629646958492382
4,0,0,0,,1,7.577727219906418,,,True,,23.02098654190831,,,58,,,7.577727219906418
5,0,0,0,,2,14.568156389954508,,,True,,27.154342182681738,,,30,,,29.136312779909016
6,0,0,0,,3,16.114718754118677,,,False,,29.201027697832565,,,15,,,48.34415626235603
7,0,0,0,,5,12.94987284389628,,,False,,27.154342182681738,,,16,,,64.74936421948141
8,0,0,0,,4,17.435265988182366,,,True,,27.154342182681738,,,29,,,69.74106395272946
9,0,0,0,,2,19.8689484010045,,,False,,20.42287010670833,,,53,,,39.737896802009
10,0,0,0,,3,17.30018943679034,,,False,,27.154342182681738,,,42,,,51.90056831037102
11,0,0,0,,4,15.423235605139388,,,False,,33.22228729383366,,,15,,,61.69294242055755
12,0,0,0,,4,12.9873904915572,,,True,,26.238704814462643,,,19,,,51.9495619662288
13,0,0,0,,2,11.732796075120625,,,False,,30.805000537489896,,,56,,,23.46559215024125
14,0,0,0,,1,6.265885708168135,,,False,,33.77427553069937,,,36,,,6.265885708168135
15,0,0,0,,2,10.990531225920364,,,True,,26.12060692404225,,,50,,,21.981062451840728
16,0,0,0,,3,18.65201955173201,,,False,,22.86916056556096,,,27,,,55.956058655196045
17,0,0,0,,4,17.120339448598294,,,False,,27.75676896285379,,,15,,,68.48135779439318
18,0,0,0,,2,8.240770475175308,,,True,,33.62125530589782,,,30,,,16.481540950350617
19,0,0,0,,1,11.999116770458238,,,True,,32.06561621206551,,,55,,,11.999116770458238
20,0,0,0,,2,17.25084803837817,,,False,,20.987447650447308,,,36,,,34.50169607675634
21,0,0,0,,5,6.010768321782837,,,False,,30.38859200116373,,,46,,,30.053841608914187
22,0,0,0,,1,10.810888785029888,,,True,,28.578462836884302,,,30,,,10.810888785029888
23,0,0,0,,3,17.777618553109214,,,True,,33.61194764519638,,,29,,,53.33285565932764
24,0,0,0,,4,11.058467962551855,,,False,,21.837221252754457,,,56,,,44.23387185020742
25,0,0,0,,2,6.1642196709716135,,,False,,28.01054169806985,,,26,,,12.328439341943229
26,0,0,0,,1,13.138015527983772,,,False,,33.191940402678384,,,15,,,13.138015527983772
27,0,0,0,,5,17.926137423774428,,,True,,26.150356801126144,,,31,,,89.63068711887215
28,0,0,0,,1,13.854283144297396,,,False,,27.229923765993007,,,55,,,13.854283144297396
29,0,0,0,,5,8.394186623213477,,,True,,21.05691016500437,,,42,,,41.970933116067386
30,0,0,0,,3,10.76359430206072,,,True,,24.172154606733663,,,21,,,32.29078290618216
31,0,0,0,,4,11.751850417728985,,,True,,27.154342182681738,,,23,,,47.00740167091593
32,0,0,0,,3,13.688995307307902,,,False,,34.1768367311733,,,36,,,41.0669859219237
33,0,0,0,,2,16.390265386289194,,,False,,24.240010408117385,,,40,,,32.78053077257839
34,0,0,0,,1,6.483104264609532,,,False,,26.91303102904478,,,26,,,6.483104264609532
35,0,0,0,,5,18.344780495263496,,,True,,30.0695663534642,,,21,,,91.72390247631748
36,0,0,0,,5,5.184645545241134,,,False,,27.154342182681738,,,29,,,25.923227726205667
37,0,0,0,,1,10.550785020113828,,,True,,27.29663580712812,,,52,,,10.550785020113828
38,0,0,0,,1,5.411304649589865,,,True,,31.078085592138613,,,35,,,5.411304649589865
39,0,0,0,,2,10.894613380179369,,,True,,33.00282819540599,,,28,,,21.789226760358737
40,0,0,0,,3,12.887188983099858,,,True,,29.3938891199364,,,16,,,38.66156694929957
41,0,0,0,,5,12.675220798722677,,,True,,30.035802729754217,,,22,,,63.37610399361338
42,0,0,0,,2,7.48442520542398,,,True,,27.154342182681738,,,59,,,14.96885041084796
43,0,0,0,,3,14.686107651434185,,,False,,34.186647458695205,,,20,,,44.05832295430256
44,0,0,0,,2,5.671676757570023,,,True,,21.98861116226724,,,51,,,11.343353515140048
45,0,0,0,,5,16.42860230198623,,,False,,27.154342182681738,,,51,,,82.14301150993116
46,0,0,0,,1,19.1996665099032,,,True,,23.972244826674785,,,47,,,19.1996665099032
47,0,0,0,,1,10.096532407266768,,,False,,34.00389715551877,,,55,,,10.096532407266768
48,0,0,0,,3,12.758590725714978,,,False,,30.799393090542196,,,20,,,38.27577217714493
49,0,0,0,,4,10.683654170882216,,,False,,31.30720569467553,,,40,,,42.73461668352886
50,0,0,0,,3,5.100655854560899,,,False,,23.28588759589825,,,53,,,15.301967563682698
51,0,0,0,,4,10.78811754342674,,,True,,26.64559964952741,,,55,,,43.15247017370696
52,0,0,0,,2,16.875803888920196,,,True,,29.26719791883929,,,51,,,33.75160777784039
53,0,0,0,,2,13.939832632752228,,,True,,27.154342182681738,,,28,,,27.879665265504453
54,0,0,0,,5,6.518898719227384,,,True,,21.559390638685844,,,51,,,32.594493596136914
55,0,0,0,,4,17.707092345406778,,,False,,34.435479746817926,,,22,,,70.82836938162711
56,0,0,0,,5,12.966280173278642,,,False,,33.35331005831834,,,53,,,64.83140086639321
57,0,0,0,,1,17.62585042617014,,,False,,27.154342182681738,,,27,,,17.62585042617014
58,0,0,0,,4,13.70332278177544,,,True,,32.34140364548498,,,27,,,54.81329112710176
59,0,0,0,,3,13.395326672569098,,,False,,27.154342182681738,,,54,,,40.185980017707294
60,0,0,0,,1,6.5788877779551855,,,True,,26.92709722343028,,,57,,,6.5788877779551855
61,0,0,0,,1,7.510395997079419,,,False,,24.71651158717108,,,42,,,7.510395997079419
62,0,0,0,,3,19.580378847448863,,,False,,28.71452879947389,,,32,,,58.7411365423466
63,0,0,0,,1,8.427301201321562,,,False,,27.154342182681738,,,33,,,8.427301201321562
64,0,0,0,,4,19.66178176985552,,,False,,26.16399357444137,,,52,,,78.64712707942208
65,0,0,0,,5,12.97869059786395,,,False,,29.438287895124382,,,46,,,64.89345298931975
66,0,0,0,,1,7.0368357059590565,,,True,,30.48969381732956,,,36,,,7.0368357059590565
67,0,0,0,,4,6.489533041305394,,,False,,30.66682725522929,,,16,,,25.958132165221578
68,0,0,0,,2,8.1329610605861,,,True,,20.779491471967702,,,27,,,16.2659221211722
69,0,0,0,,4,18.88455995038004,,,True,,27.154342182681738,,,37,,,75.53823980152015
70,0,0,0,,5,11.212253364923402,,,True,,26.87379972147572,,,39,,,56.06126682461701
71,0,0,0,,4,10.931514019893717,,,True,,23.93624122544322,,,42,,,43.72605607957486
72,0,0,0,,3,9.69809391605261,,,True,,23.626467612195224,,,25,,,29.09428174815783
73,0,0,0,,5,7.2059277584988255,,,True,,27.245211692659257,,,47,,,36.029638792494126
74,0,0,0,,2,12.317767957886096,,,True,,33.30247309203439,,,38,,,24.635535915772195
75,0,0,0,,3,6.95071673766708,,,True,,25.675213725239704,,,16,,,20.85215021300124
76,0,0,0,,4,17.532203545734916,,,False,,31.24588620175315,,,44,,,70.12881418293966
77,0,0,0,,5,10.555954794129596,,,False,,21.45228096480828,,,31,,,52.77977397064799
78,0,0,0,,2,10.622053516726943,,,True,,27.14085053226593,,,54,,,21.24410703345389
79,0,0,0,,3,12.110096427247338,,,True,,34.875292105891035,,,48,,,36.33028928174201
80,0,0,0,,2,11.661915697486275,,,True,,31.556567041885053,,,52,,,23.32383139497255
81,0,0,0,,4,19.92286959588982,,,False,,23.157927326609197,,,36,,,79.69147838355929
82,0,0,0,,2,13.180716818274538,,,False,,27.52162210546866,,,19,,,26.36143363654908
83,0,0,0,,1,6.3230255568480604,,,True,,23.5043714547285,,,54,,,6.3230255568480604
84,0,0,0,,3,14.10316012365395,,,True,,26.14341390893764,,,30,,,42.30948037096185
85,0,0,0,,2,7.273764393048199,,,False,,31.70126035602447,,,27,,,14.547528786096398
86,0,0,0,,4,5.46406467097013,,,False,,31.56837222935605,,,40,,,21.85625868388052
87,0,0,0,,4,19.56113230515872,,,True,,23.421505668535776,,,45,,,78.24452922063489
88,0,0,0,,2,16.603083373018457,,,True,,27.154342182681738,,,53,,,33.206166746036914
89,0,0,0,,4,19.701634886206502,,,True,,28.8885227414724,,,37,,,78.80653954482602
90,0,0,0,,5,12.168176720333635,,,True,,25.698864364430214,,,26,,,60.84088360166818
91,0,0,0,,5,12.983862967234645,,,False,,27.52903371171291,,,28,,,64.91931483617321
92,0,0,0,,5,7.525054338786953,,,False,,29.076068801566155,,,32,,,37.62527169393477
93,0,0,0,,1,8.703611400013784,,,True,,28.398357977686786,,,41,,,8.703611400013784
94,0,0,0,,2,17.57823822354242,,,True,,27.296075533042675,,,42,,,35.15647644708484
95,0,0,0,,1,10.342784706763911,,,True,,27.573992061341,,,32,,,10.342784706763911
96,0,0,0,,4,17.402224606946284,,,False,,22.646178656418293,,,30,,,69.60889842778514
97,0,0,0,,1,15.635205864305476,,,True,,27.154342182681738,,,30,,,15.635205864305476
98,0,0,0,,4,7.6575638790779825,,,True,,28.126404799115228,,,27,,,30.63025551631193
99,0,0,0,,4,12.611695491796132,,,True,,21.966197925570548,,,43,,,50.44678196718453
100,0,0,0,,3,15.160809822780752,,,False,,27.154342182681738,,,23,,,45.48242946834226
101,0,0,0,,5,8.525558222057377,,,True,,33.98665967566026,,,40,,,42.627791110286886
102,0,0,0,,4,17.46032765780115,,,False,,34.20960348855444,,,42,,,69.8413106312046
103,0,0,0,,3,13.172414863177805,,,True,,27.154342182681738,,,55,,,39.517244589533405
104,0,0,0,,5,7.478630756639048,,,True,,22.03275310341131,,,27,,,37.39315378319524
105,0,0,0,,4,13.744766392469035,,,True,,27.77599439949598,,,50,,,54.97906556987615
106,0,0,0,,4,19.99570706233871,,,False,,21.68913844023831,,,23,,,79.98282824935484
107,0,0,0,,1,7.257822374951203,,,True,,34.00981127768926,,,28,,,7.257822374951203
108,0,0,0,,1,17.25135395179292,,,True,,22.75369441032719,,,26,,,17.25135395179292
109,0,0,0,,5,8.10963504781337,,,False,,23.791487899267462,,,46,,,40.54817523906685
110,0,0,0,,4,16.73582494190131,,,False,,26.099547903274555,,,52,,,66.94329976760524
111,0,0,0,,2,16.0186688468212,,,False,,25.74746702838689,,,17,,,32.0373376936424
112,0,0,0,,1,9.507340784006486,,,True,,27.154342182681738,,,30,,,9.507340784006486
113,0,0,0,,5,9.887346763466748,,,False,,26.84475230826444,,,34,,,49.43673381733375
114,0,0,0,,4,16.887820879443787,,,True,,22.56152390005005,,,46,,,67.55128351777515
115,0,0,0,,4,11.92168267830969,,,False,,24.00814843229111,,,37,,,47.68673071323876
116,0,0,0,,2,15.962270430677131,,,False,,27.63670077781283,,,31,,,31.924540861354263
117,0,0,0,,5,7.219762210487522,,,False,,22.211808761392025,,,30,,,36.09881105243761
118,0,0,0,,4,17.7883667285233,,,True,,29.174835134690213,,,52,,,71.1534669140932
119,0,0,0,,1,15.663270750234789,,,True,,28.486209598267187,,,22,,,15.663270750234789
120,0,0,0,,2,18.604142132522508,,,True,,30.720534745733865,,,33,,,37.208284265045016
121,0,0,0,,5,6.985585685524587,,,True,,34.065569230690514,,,44,,,34.92792842762293
122,0,0,0,,2,13.895217505408963,,,True,,33.68381841651733,,,48,,,27.79043501081793
123,0,0,0,,1,13.986808775604878,,,True,,27.154342182681738,,,28,,,13.986808775604878
124,0,0,0,,5,10.301911108201736,,,True,,23.67073395535552,,,36,,,51.50955554100868
125,0,0,0,,2,11.876996368538869,,,True,,21.97347959959032,,,58,,,23.75399273707773
126,0,0,0,,3,5.569723449347802,,,True,,24.53415050744673,,,31,,,16.709170348043408
127,0,0,0,,1,16.18790057940518,,,False,,33.42627759149472,,,29,,,16.18790057940518
128,0,0,0,,1,13.239837191047611,,,False,,34.58080211935233,,,46,,,13.239837191047611
129,0,0,0,,1,5.866115778037607,,,True,,32.88987426605714,,,27,,,5.866115778037607
130,0,0,0,,3,15.211338394407283,,,True,,21.650265816913155,,,35,,,45.63401518322185
131,0,0,0,,3,12.00173115846782,,,True,,34.2114199708969,,,54,,,36.00519347540346
132,0,0,0,,4,5.516918891375,,,True,,26.35037041026179,,,47,,,22.0676755655
133,0,0,0,,2,19.54411590272143,,,False,,20.139654361435305,,,41,,,39.08823180544286
134,0,0,0,,4,19.236682146341607,,,False,,26.635906111222905,,,49,,,76.94672858536643
135,0,0,0,,2,12.693536242207964,,,True,,20.69103754513201,,,30,,,25.387072484415928
136,0,0,0,,3,6.405086310588652,,,False,,27.154342182681738,,,42,,,19.21525893176596
137,0,0,0,,3,16.319318323978877,,,False,,25.07831041155577,,,48,,,48.95795497193663
138,0,0,0,,4,12.378966501585936,,,True,,27.101524003910733,,,15,,,49.51586600634374
139,0,0,0,,5,9.5367121743407,,,True,,27.154342182681738,,,55,,,47.6835608717035
140,0,0,0,,4,12.371272662928352,,,True,,27.154342182681738,,,45,,,49.485090651713406
141,0,0,0,,2,12.836662181081966,,,True,,29.92852364707893,,,50,,,25.67332436216393
142,0,0,0,,4,13.440675485335088,,,False,,26.510733027172712,,,58,,,53.76270194134035
143,0,0,0,,1,11.6183557048299,,,True,,32.291417805055474,,,47,,,11.6183557048299
144,0,0,0,,2,14.08632954708585,,,False,,33.58373206359698,,,47,,,28.1726590941717
145,0,0,0,,2,18.78102065909566,,,True,,21.79639949648296,,,53,,,37.56204131819132
146,0,0,0,,5,10.434021306478868,,,False,,27.97899466329187,,,32,,,52.17010653239434
147,0,0,0,,3,15.885746948299236,,,True,,24.267679396136664,,,37,,,47.65724084489771
148,0,0,0,,2,18.416788352363483,,,True,,20.70591796815421,,,37,,,36.833576704726966
149,0,0,0,,3,11.839689136399054,,,False,,30.02820042670978,,,29,,,35.51906740919716
150,0,0,0,,4,11.65183754572856,,,False,,27.154342182681738,,,40,,,46.607350182914246
151,0,0,0,,1,14.031754780321693,,,False,,22.44353981716091,,,44,,,14.031754780321693
152,0,0,0,,5,13.87110139133732,,,True,,32.18620486435851,,,39,,,69.35550695668661
153,0,0,0,,3,17.098840134894154,,,False,,32.800936003054126,,,59,,,51.29652040468246
154,0,0,0,,2,12.14725075667439,,,False,,33.71510663999725,,,30,,,24.29450151334878
155,0,0,0,,3,19.941844244591618,,,False,,23.979276336290788,,,53,,,59.82553273377485
156,0,0,0,,2,5.892073533009212,,,False,,27.154342182681738,,,59,,,11.784147066018424
157,0,0,0,,3,5.047517728710526,,,False,,24.809941321046484,,,28,,,15.142553186131575
158,0,0,0,,2,14.602974673394357,,,False,,28.285070201832543,,,31,,,29.205949346788717
159,0,0,0,,4,9.47652368542815,,,False,,20.75761206248423,,,26,,,37.9060947417126
160,0,0,0,,2,8.605735830492257,,,False,,20.658216325531157,,,43,,,17.211471660984515
161,0,0,0,,2,9.678486200064206,,,False,,30.805598190983044,,,46,,,19.356972400128413
162,0,0,0,,1,8.840713476574315,,,True,,26.667199669666864,,,38,,,8.840713476574315
163,0,0,0,,2,5.461850744906718,,,True,,23.844385630538262,,,27,,,10.923701489813435
164,0,0,0,,1,19.57299563585883,,,False,,22.856202440373654,,,34,,,19.57299563585883
165,0,0,0,,5,8.311182326791727,,,True,,30.04930236288827,,,29,,,41.55591163395863
166,0,0,0,,1,16.010446438839594,,,True,,20.0060231603801,,,18,,,16.010446438839594
167,0,0,0,,4,16.43894592041263,,,False,,32.08836753795281,,,48,,,65.75578368165051
168,0,0,0,,1,18.93886097010844,,,False,,21.188744091948934,,,42,,,18.93886097010844
169,0,0,0,,5,5.4582418564007,,,False,,22.87234422362179,,,16,,,27.2912092820035
170,0,0,0,,4,18.080725076705114,,,False,,25.793545929486346,,,44,,,72.32290030682046
171,0,0,0,,3,12.908392712597005,,,False,,27.272881095741557,,,40,,,38.725178137791005
172,0,0,0,,3,14.488161649487418,,,False,,25.324926737209125,,,40,,,43.46448494846226
173,0,0,0,,1,14.667054156815505,,,True,,24.81068247476441,,,34,,,14.667054156815505
174,0,0,0,,1,17.29696707477091,,,False,,34.45874018109782,,,56,,,17.29696707477091
175,0,0,0,,5,10.001109832386655,,,True,,29.62369521865092,,,42,,,50.00554916193329
176,0,0,0,,5,15.9957678478999,,,False,,20.351494330510825,,,34,,,79.97883923949951
177,0,0,0,,2,12.928671645832956,,,False,,26.452638626664697,,,25,,,25.857343291665916
178,0,0,0,,5,16.900910214580215,,,True,,33.12513049615956,,,24,,,84.50455107290108
179,0,0,0,,2,19.858190491552,,,False,,24.52184279616002,,,37,,,39.716380983104
180,0,0,0,,4,8.009765261056419,,,False,,21.418345171615822,,,51,,,32.03906104422568
181,0,0,0,,1,19.919729623399967,,,True,,31.37577157384877,,,55,,,19.919729623399967
182,0,0,0,,4,6.347182314241611,,,False,,27.154342182681738,,,33,,,25.38872925696644
183,0,0,0,,5,5.034763218572208,,,True,,28.55468761739756,,,59,,,25.17381609286104
184,0,0,0,,4,5.662429042667469,,,False,,20.80364839411112,,,32,,,22.64971617066988
185,0,0,0,,4,10.126736071051424,,,False,,22.10748514693276,,,41,,,40.5069442842057
186,0,0,0,,4,14.493594960176512,,,True,,29.33824094319671,,,20,,,57.97437984070605
187,0,0,0,,5,6.035443113317744,,,False,,23.117357621882537,,,24,,,30.17721556658872
188,0,0,0,,4,5.084987217943509,,,True,,27.56105119622637,,,16,,,20.33994887177404
189,0,0,0,,2,19.05636542688192,,,True,,28.173225290440904,,,38,,,38.11273085376384
190,0,0,0,,5,17.328899539098945,,,True,,27.154342182681738,,,52,,,86.64449769549472
191,0,0,0,,4,17.137747567085466,,,False,,34.22637733312239,,,42,,,68.55099026834186
192,0,0,0,,5,18.266364132529656,,,False,,32.63696160253363,,,42,,,91.33182066264828
193,0,0,0,,3,15.500514091581566,,,True,,30.83560261449197,,,59,,,46.5015422747447
194,0,0,0,,2,6.566061946221222,,,False,,21.169907996141134,,,53,,,13.132123892442443
195,0,0,0,,4,10.986502821105846,,,False,,27.154342182681738,,,16,,,43.946011284423385
196,0,0,0,,3,15.847242296969442,,,False,,27.391720187974336,,,19,,,47.54172689090833
197,0,0,0,,3,9.205016911872814,,,True,,22.410700237864784,,,25,,,27.615050735618443
198,0,0,0,,5,15.311095462043564,,,False,,34.673981952942114,,,24,,,76.55547731021782
199,0,0,0,,3,5.367476724014785,,,True,,22.37780351041114,,,57,,,16.102430172044354
200,0,0,0,,2,9.5920601131939,,,False,,27.31201753195961,,,16,,,19.1841202263878
201,0,0,0,,2,13.23695504415759,,,False,,25.461815852622586,,,29,,,26.47391008831518
202,0,0,0,,1,14.481347442593634,,,True,,29.590796321811467,,,53,,,14.481347442593634
203,0,0,0,,2,13.655609966928662,,,False,,21.93554613334137,,,55,,,27.311219933857323
204,0,0,0,,3,15.466344141101445,,,True,,26.454746420635864,,,51,,,46.39903242330433
205,0,0,0,,2,5.091331223597586,,,False,,24.120575492107157,,,21,,,10.182662447195172
206,0,0,0,,5,6.514117999662823,,,True,,33.31627287007532,,,34,,,32.57058999831411
207,0,0,0,,1,18.03416378418717,,,False,,20.608785682020425,,,48,,,18.03416378418717
208,0,0,0,,3,15.226229661352418,,,False,,33.705912410096886,,,49,,,45.67868898405725
209,0,0,0,,1,6.69397464029017,,,False,,32.494912078295,,,48,,,6.69397464029017
210,0,0,0,,3,17.63111656097869,,,True,,24.46356074661223,,,36,,,52.89334968293607
211,0,0,0,,5,8.633468267368503,,,True,,27.154342182681738,,,45,,,43.16734133684251
212,0,0,0,,1,12.173898262928352,,,True,,20.46820340508121,,,37,,,12.173898262928352
213,0,0,0,,4,7.177947693269904,,,False,,27.154342182681738,,,33,,,28.711790773079617
214,0,0,0,,3,15.6516508463256,,,True,,27.89892413884684,,,18,,,46.9549525389768
215,0,0,0,,4,15.002816315214018,,,True,,24.54921539098168,,,38,,,60.01126526085607
216,0,0,0,,1,8.166687067492042,,,True,,25.43874818892016,,,34,,,8.166687067492042
217,0,0,0,,4,17.951011502855028,,,True,,20.99608030190746,,,53,,,71.80404601142011
218,0,0,0,,4,11.019590363295682,,,True,,34.84024271063059,,,42,,,44.07836145318273
219,0,0,0,,1,9.387726366061129,,,True,,20.589379177260387,,,53,,,9.387726366061129
220,0,0,0,,5,7.284943841968031,,,True,,29.823606847217885,,,31,,,36.42471920984016
221,0,0,0,,4,8.992520187733062,,,True,,26.641038915596877,,,33,,,35.97008075093225
222,0,0,0,,4,5.330403818357255,,,True,,34.23374327283072,,,49,,,21.32161527342902
223,0,0,0,,5,13.748862386841733,,,True,,23.689996104601928,,,46,,,68.74431193420867
224,0,0,0,,4,17.63346119515922,,,False,,27.98130235907017,,,53,,,70.53384478063688
225,0,0,0,,4,13.234706741624628,,,False,,27.23534312874129,,,49,,,52.93882696649851
226,0,0,0,,4,8.289109428858136,,,True,,30.54299666075152,,,44,,,33.156437715432546
227,0,0,0,,2,5.505037673208091,,,False,,21.020153479286307,,,31,,,11.010075346416182
228,0,0,0,,5,8.219421098882043,,,False,,22.90683695035032,,,56,,,41.097105494410215
229,0,0,0,,4,11.241821421066383,,,True,,23.218472301392747,,,43,,,44.96728568426554
230,0,0,0,,5,16.394171430496947,,,True,,31.072261322625344,,,20,,,81.97085715248474
231,0,0,0,,3,7.817642788066612,,,True,,22.8370804449011,,,31,,,23.452928364199835
232,0,0,0,,3,15.796871800320291,,,False,,28.60237645836465,,,31,,,47.39061540096088
233,0,0,0,,4,18.004002025278254,,,True,,23.228657307514304,,,28,,,72.01600810111302
234,0,0,0,,5,11.809202721625356,,,False,,32.92437425125968,,,38,,,59.04601360812678
235,0,0,0,,5,17.3214798746389,,,True,,34.13278181734458,,,51,,,86.6073993731945
236,0,0,0,,5,13.319860220526431,,,False,,27.154342182681738,,,54,,,66.59930110263217
237,0,0,0,,2,14.556362556213577,,,False,,25.284633263137675,,,53,,,29.11272511242715
238,0,0,0,,3,12.89417690507304,,,True,,23.510866625262487,,,46,,,38.68253071521912
239,0,0,0,,5,11.947590751270129,,,True,,20.746715022845656,,,50,,,59.73795375635064
240,0,0,0,,5,8.51980162663774,,,False,,24.02750114296243,,,51,,,42.599008133188704
241,0,0,0,,2,9.547910891915691,,,False,,29.81353669917977,,,28,,,19.095821783831383
242,0,0,0,,2,9.349551784154135,,,True,,28.004253969638164,,,41,,,18.69910356830827
243,0,0,0,,5,13.44933396430722,,,True,,34.16061917421391,,,33,,,67.2466698215361
244,0,0,0,,1,6.799305395358349,,,False,,25.94415893737551,,,45,,,6.799305395358349
245,0,0,0,,5,18.751875360535028,,,True,,30.40795013492592,,,23,,,93.75937680267512
246,0,0,0,,5,15.8098271792467,,,False,,27.33984121212682,,,52,,,79.0491358962335
247,0,0,0,,2,11.021684463697904,,,True,,27.688643238863172,,,31,,,22.04336892739581
248,0,0,0,,2,7.379362167895669,,,True,,24.016614719061764,,,33,,,14.75872433579134
249,0,0,0,,5,18.229882545824537,,,True,,27.154342182681738,,,58,,,91.14941272912267
250,0,0,0,,5,17.356671351517477,,,False,,27.154342182681738,,,18,,,86.78335675758738
251,0,0,0,,5,15.82582329075769,,,True,,30.59963782623401,,,25,,,79.12911645378844
252,0,0,0,,2,9.073205711168637,,,False,,34.10959998779171,,,36,,,18.146411422337277
253,0,0,0,,5,11.036699561505037,,,True,,24.93981916223756,,,18,,,55.18349780752517
254,0,0,0,,5,6.54122378678635,,,False,,20.63300702871948,,,31,,,32.70611893393175
255,0,0,0,,4,7.835592870912976,,,False,,27.4444268825096,,,22,,,31.342371483651903
256,0,0,0,,1,16.745249559750995,,,True,,28.16691998223753,,,48,,,16.745249559750995
257,0,0,0,,3,15.725580782760256,,,False,,22.52660826697873,,,25,,,47.17674234828077
258,0,0,0,,1,13.90228644463902,,,False,,31.406969094141,,,45,,,13.90228644463902
259,0,0,0,,4,18.435900888892597,,,False,,34.77393662662237,,,25,,,73.74360355557037
260,0,0,0,,3,13.74899776719568,,,False,,34.18662075512691,,,52,,,41.24699330158704
261,0,0,0,,5,12.00451999945416,,,True,,22.95659058235478,,,35,,,60.0225999972708
262,0,0,0,,4,10.10556119458644,,,True,,33.13044859851141,,,44,,,40.42224477834576
263,0,0,0,,5,19.106727586042588,,,True,,30.56740454617527,,,24,,,95.53363793021292
264,0,0,0,,2,6.240731922865303,,,False,,26.807698457103672,,,40,,,12.481463845730604
265,0,0,0,,4,18.963310580912125,,,False,,27.154342182681738,,,41,,,75.8532423236485
266,0,0,0,,2,17.400719898965274,,,True,,32.74400262473687,,,22,,,34.80143979793055
267,0,0,0,,4,6.94894886803552,,,True,,27.2020240945756,,,53,,,27.79579547214208
268,0,0,0,,4,13.474765365128803,,,False,,25.598110536576904,,,22,,,53.89906146051521
269,0,0,0,,2,17.998219726236304,,,True,,27.398712395389783,,,22,,,35.99643945247261
270,0,0,0,,3,13.577137454107303,,,True,,28.68694706052574,,,48,,,40.73141236232192
271,0,0,0,,1,18.607997323409336,,,False,,22.83616480667523,,,30,,,18.607997323409336
272,0,0,0,,5,19.14475725224064,,,True,,33.51361595400486,,,55,,,95.7237862612032
273,0,0,0,,4,11.335767832764589,,,False,,30.112804232444205,,,27,,,45.343071331058354
274,0,0,0,,5,10.659704921094852,,,True,,29.49903376006233,,,37,,,53.29852460547427
275,0,0,0,,2,19.04481730953735,,,False,,21.49244339270957,,,26,,,38.0896346190747
276,0,0,0,,5,15.127100917245022,,,False,,29.06260907258888,,,41,,,75.63550458622511
277,0,0,0,,2,6.74034022022254,,,False,,21.814409933577384,,,36,,,13.48068044044508
278,0,0,0,,5,5.634376238340218,,,False,,21.180465127930987,,,46,,,28.17188119170109
279,0,0,0,,1,13.469435764958948,,,False,,27.9096634346359,,,41,,,13.469435764958948
280,0,0,0,,1,18.952564481576367,,,True,,26.041783010697426,,,16,,,18.952564481576367
281,0,0,0,,1,17.663730536087275,,,True,,27.154342182681738,,,59,,,17.663730536087275
282,0,0,0,,1,15.137716196965046,,,True,,21.33833252085858,,,47,,,15.137716196965046
283,0,0,0,,1,7.086737733366313,,,False,,26.46474594270888,,,40,,,7.086737733366313
284,0,0,0,,1,8.813470756230434,,,True,,27.154342182681738,,,42,,,8.813470756230434
285,0,0,0,,2,18.13266839828924,,,False,,34.80650128886175,,,33,,,36.26533679657848
286,0,0,0,,4,7.742108549853507,,,False,,28.417253186527617,,,57,,,30.968434199414027
287,0,0,0,,5,9.176591123756518,,,True,,30.31155291411301,,,19,,,45.88295561878259
288,0,0,0,,1,6.944009767931629,,,False,,24.88127421023912,,,47,,,6.944009767931629
289,0,0,0,,2,15.141623471216167,,,True,,21.421083721690163,,,34,,,30.28324694243233
290,0,0,0,,2,19.159734580448145,,,False,,34.63806294175305,,,44,,,38.31946916089629
291,0,0,0,,2,9.03452047393079,,,False,,24.293885530747747,,,59,,,18.06904094786158
292,0,0,0,,4,12.131099117751106,,,True,,26.35712277760361,,,22,,,48.52439647100442
293,0,0,0,,5,14.515096095668063,,,False,,29.747958825538625,,,52,,,72.57548047834032
294,0,0,0,,4,19.991993723234454,,,True,,20.37045946529167,,,31,,,79.96797489293783
295,0,0,0,,3,6.572120974963582,,,False,,27.154342182681738,,,58,,,19.716362924890745
296,0,0,0,,2,12.478561992585638,,,True,,27.154342182681738,,,15,,,24.957123985171275
297,0,0,0,,3,10.776801798537502,,,False,,24.17325780603233,,,17,,,32.3304053956125
298,0,0,0,,1,17.987302478335327,,,True,,20.92411977938704,,,40,,,17.987302478335327
299,0,0,0,,1,12.13951596517484,,,True,,22.437476232116623,,,45,,,12.13951596517484
300,0,0,0,,4,6.664662868777222,,,False,,33.425507882801554,,,22,,,26.658651475108886
301,0,0,0,,5,14.516362179298754,,,True,,30.290363359038366,,,57,,,72.58181089649378
302,0,0,0,,3,16.561709273958197,,,False,,23.748525824553347,,,22,,,49.68512782187459
303,0,0,0,,5,5.0432187749842186,,,False,,20.984011474175443,,,49,,,25.216093874921093
304,0,0,0,,4,17.884350281309445,,,True,,30.359229685799544,,,53,,,71.53740112523778
305,0,0,0,,1,7.790345000084985,,,True,,28.58611588951648,,,42,,,7.790345000084985
306,0,0,0,,5,13.281040469800669,,,True,,26.067792866873525,,,18,,,66.40520234900335
307,0,0,0,,5,11.236962510311752,,,True,,25.45417173785096,,,30,,,56.18481255155877
308,0,0,0,,1,15.794807249157955,,,True,,23.252214138936623,,,27,,,15.794807249157955
309,0,0,0,,3,10.567424221786126,,,False,,27.154342182681738,,,34,,,31.70227266535838
310,0,0,0,,1,18.046447650225662,,,True,,34.56002041690806,,,19,,,18.046447650225662
311,0,0,0,,5,15.957445414381851,,,False,,22.635728687552387,,,51,,,79.78722707190927
312,0,0,0,,3,14.715697565943822,,,True,,27.154342182681738,,,34,,,44.14709269783147
313,0,0,0,,3,16.943608933442814,,,True,,26.36277583618964,,,38,,,50.83082680032844
314,0,0,0,,1,16.310345523925733,,,True,,27.154342182681738,,,50,,,16.310345523925733
315,0,0,0,,5,5.5390801238233,,,False,,23.812209201917216,,,48,,,27.6954006191165
316,0,0,0,,4,10.921015307672423,,,True,,32.37702313492129,,,59,,,43.68406123068969
317,0,0,0,,5,18.962109459747342,,,False,,27.278834062208617,,,48,,,94.81054729873674
318,0,0,0,,2,6.885864034883394,,,False,,28.15108778297396,,,33,,,13.771728069766787
319,0,0,0,,4,16.05644825648077,,,False,,24.571413691959886,,,31,,,64.22579302592308
320,0,0,0,,3,19.618877170029947,,,True,,22.727126985004247,,,19,,,58.85663151008984
321,0,0,0,,4,5.782979435674575,,,False,,21.28865582304231,,,39,,,23.1319177426983
322,0,0,0,,3,15.232908209399158,,,True,,30.71178711387374,,,32,,,45.69872462819748
323,0,0,0,,3,12.022312119515457,,,False,,22.943514225317838,,,22,,,36.06693635854637
324,0,0,0,,4,13.687628830620833,,,True,,30.35113031283197,,,41,,,54.75051532248333
325,0,0,0,,3,6.280120047264873,,,False,,25.855646690704308,,,29,,,18.84036014179462
326,0,0,0,,3,5.6451042780040925,,,True,,26.236622014844773,,,59,,,16.93531283401228
327,0,0,0,,2,15.002999908263826,,,True,,27.03766244139157,,,27,,,30.00599981652765
328,0,0,0,,5,17.349641447310766,,,True,,25.515627621913147,,,30,,,86.74820723655384
329,0,0,0,,5,16.73023002399451,,,False,,21.50929965833885,,,36,,,83.65115011997254
330,0,0,0,,2,13.15708591799356,,,False,,24.64447715004269,,,34,,,26.31417183598712
331,0,0,0,,4,6.498002317042673,,,True,,29.95601541040908,,,27,,,25.99200926817069
332,0,0,0,,1,15.320666657540208,,,False,,29.986766022033063,,,34,,,15.320666657540208
333,0,0,0,,1,8.628333253312189,,,False,,24.29336460859992,,,16,,,8.628333253312189
334,0,0,0,,1,18.666030541510757,,,False,,26.90153939836532,,,49,,,18.666030541510757
335,0,0,0,,2,17.573980393185572,,,False,,22.901708420179062,,,33,,,35.147960786371144
336,0,0,0,,2,15.640744506310863,,,False,,23.155581222947536,,,59,,,31.281489012621726
337,0,0,0,,3,19.23268933746696,,,False,,20.345706326099112,,,51,,,57.69806801240088
338,0,0,0,,1,5.471327322669094,,,False,,33.451198248616166,,,20,,,5.471327322669094
339,0,0,0,,4,16.043006375911432,,,True,,23.160599976123592,,,28,,,64.17202550364573
340,0,0,0,,4,9.95364169004608,,,True,,23.41300815404695,,,18,,,39.81456676018432
341,0,0,0,,1,18.59098828529548,,,False,,24.194021489676977,,,36,,,18.59098828529548
342,0,0,0,,1,9.000127949929663,,,True,,21.911121075431435,,,53,,,9.000127949929663
343,0,0,0,,1,15.872847489725256,,,True,,29.588943247720444,,,50,,,15.872847489725256
344,0,0,0,,2,18.16470529476172,,,True,,21.1271442976638,,,48,,,36.32941058952344
345,0,0,0,,2,5.624852275740237,,,False,,22.01303639489525,,,41,,,11.249704551480471
346,0,0,0,,2,10.964713693880542,,,False,,29.671350898851397,,,21,,,21.929427387761084
347,0,0,0,,5,16.434635480329078,,,False,,25.09490930722164,,,17,,,82.17317740164539
348,0,0,0,,4,11.823783342613806,,,False,,30.61921740051784,,,47,,,47.295133370455225
349,0,0,0,,4,9.00878944690393,,,False,,28.36137117005213,,,16,,,36.03515778761572
350,0,0,0,,3,8.29708023234785,,,True,,23.84031759592269,,,56,,,24.89124069704355
351,0,0,0,,2,6.972774003745669,,,False,,29.76241925733992,,,30,,,13.945548007491338
352,0,0,0,,5,17.856943397844233,,,True,,21.74410520439321,,,39,,,89.28471698922117
353,0,0,0,,5,13.63033104877334,,,False,,28.04615574620045,,,29,,,68.1516552438667
354,0,0,0,,4,6.14577417487184,,,True,,26.55722157567552,,,38,,,24.58309669948736
355,0,0,0,,2,10.738704853559533,,,False,,24.01810374226161,,,29,,,21.477409707119065
356,0,0,0,,3,10.516004762076648,,,False,,29.0600749660925,,,45,,,31.548014286229943
357,0,0,0,,2,7.726087860641945,,,False,,27.154342182681738,,,28,,,15.45217572128389
358,0,0,0,,1,11.53261438208286,,,False,,27.154342182681738,,,28,,,11.53261438208286
359,0,0,0,,2,9.981490480897047,,,False,,29.116441531151366,,,20,,,19.96298096179409
360,0,0,0,,1,10.127055582382738,,,False,,26.070588114937557,,,28,,,10.127055582382738
361,0,0,0,,1,16.08539836681938,,,True,,23.378106503243025,,,31,,,16.08539836681938
362,0,0,0,,3,8.348950782577944,,,False,,23.85644134092668,,,32,,,25.046852347733832
363,0,0,0,,4,14.62789938283033,,,True,,27.191824672246483,,,34,,,58.51159753132132
364,0,0,0,,2,13.559744358214022,,,False,,25.50916551921064,,,31,,,27.119488716428044
365,0,0,0,,1,13.52138768506801,,,True,,33.70721783937417,,,30,,,13.52138768506801
366,0,0,0,,2,14.94511019212664,,,True,,25.524432014835643,,,54,,,29.89022038425328
367,0,0,0,,4,13.225730542934809,,,True,,25.60166886718153,,,53,,,52.90292217173924
368,0,0,0,,4,18.18882672269577,,,True,,25.75301768650965,,,46,,,72.75530689078307
369,0,0,0,,5,15.133701379253898,,,True,,32.54930315551487,,,58,,,75.66850689626949
370,0,0,0,,4,13.204448770570822,,,True,,29.76182481270353,,,23,,,52.81779508228329
371,0,0,0,,3,17.446446804314675,,,False,,29.21253275478339,,,41,,,52.339340412944026
372,0,0,0,,1,14.092198474002195,,,True,,25.01214533575793,,,47,,,14.092198474002195
373,0,0,0,,5,9.367163716777686,,,False,,32.268562652486594,,,24,,,46.835818583888425
374,0,0,0,,3,8.106423772648569,,,False,,20.57545792033552,,,31,,,24.319271317945702
375,0,0,0,,2,7.284916784940182,,,True,,33.061957585071696,,,50,,,14.569833569880364
376,0,0,0,,1,18.491828188191526,,,True,,27.691248496908944,,,31,,,18.491828188191526
377,0,0,0,,4,15.652031476970988,,,False,,25.973753522951192,,,32,,,62.60812590788395
378,0,0,0,,1,19.06067657246481,,,True,,27.457509210765284,,,37,,,19.06067657246481
379,0,0,0,,2,14.049377085724146,,,True,,30.01123295800747,,,48,,,28.09875417144829
380,0,0,0,,5,12.101013222423688,,,True,,20.19148139776846,,,22,,,60.50506611211844
381,0,0,0,,5,5.89574733456334,,,True,,33.073277846873715,,,27,,,29.478736672816694
382,0,0,0,,5,15.074634223190449,,,True,,26.70109287967089,,,37,,,75.37317111595223
383,0,0,0,,4,13.733131396523468,,,True,,27.154342182681738,,,34,,,54.93252558609387
384,0,0,0,,3,19.85313340381432,,,True,,22.073683484510852,,,36,,,59.55940021144296
385,0,0,0,,3,8.587381666733645,,,False,,26.59198061537663,,,37,,,25.76214500020093
386,0,0,0,,1,12.961060329302535,,,True,,27.444841569265684,,,55,,,12.961060329302535
387,0,0,0,,4,14.76436002677109,,,False,,26.054700417402167,,,49,,,59.05744010708436
388,0,0,0,,5,14.668867621135156,,,False,,30.179901407403456,,,17,,,73.34433810567577
389,0,0,0,,5,13.419403144226042,,,False,,26.31344793138839,,,48,,,67.0970157211302
390,0,0,0,,2,16.653920154908384,,,False,,34.4212636676986,,,47,,,33.30784030981677
391,0,0,0,,2,8.074718142902245,,,True,,27.154342182681738,,,31,,,16.14943628580449
392,0,0,0,,5,15.88440800411624,,,False,,32.11216903477863,,,59,,,79.42204002058119
393,0,0,0,,5,14.296018571496338,,,False,,21.640338546642184,,,33,,,71.4800928574817
394,0,0,0,,4,18.4411266769186,,,False,,25.959369394188585,,,44,,,73.7645067076744
395,0,0,0,,3,17.707916585503725,,,False,,25.05271552170729,,,37,,,53.12374975651117
396,0,0,0,,2,9.7272055869883,,,False,,28.54223582204888,,,29,,,19.4544111739766
397,0,0,0,,3,9.143559874627297,,,True,,32.916702800921385,,,28,,,27.43067962388189
398,0,0,0,,4,19.72479985778672,,,True,,21.1750732664301,,,16,,,78.89919943114687
399,0,0,0,,5,12.908977713728849,,,False,,21.088621970670665,,,53,,,64.54488856864424
400,0,0,0,,3,18.596314458716552,,,True,,32.75476562236398,,,32,,,55.78894337614966
401,0,0,0,,5,7.458215356707233,,,True,,23.19275129057536,,,20,,,37.29107678353616
402,0,0,0,,5,14.642283722002617,,,False,,27.154342182681738,,,46,,,73.21141861001307
403,0,0,0,,1,17.147902810408794,,,False,,28.14317198541208,,,35,,,17.147902810408794
404,0,0,0,,3,19.210928743796703,,,False,,32.49340392330844,,,54,,,57.632786231390114
405,0,0,0,,3,10.060102115255352,,,True,,21.87633364754605,,,42,,,30.180306345766056
406,0,0,0,,5,15.874717548860788,,,False,,21.94674448583917,,,41,,,79.37358774430393
407,0,0,0,,4,13.082195135594286,,,True,,28.352275404174613,,,16,,,52.328780542377146
408,0,0,0,,1,5.909433890997023,,,True,,34.195679800375565,,,47,,,5.909433890997023
409,0,0,0,,5,15.349996059634153,,,True,,27.154342182681738,,,30,,,76.74998029817075
410,0,0,0,,2,15.351448373567653,,,False,,24.904131503820423,,,53,,,30.702896747135306
411,0,0,0,,2,18.95910207269805,,,True,,27.154342182681738,,,36,,,37.91820414539611
412,0,0,0,,1,12.459686692534586,,,False,,33.956729008175465,,,57,,,12.459686692534586
413,0,0,0,,4,8.453763810657719,,,False,,32.55391749266936,,,27,,,33.81505524263088
414,0,0,0,,5,5.668457351730187,,,False,,34.9322541609983,,,16,,,28.342286758650932
415,0,0,0,,3,11.234632800288583,,,False,,27.154342182681738,,,28,,,33.703898400865754
416,0,0,0,,1,9.528750501162529,,,False,,21.692872170691437,,,52,,,9.528750501162529
417,0,0,0,,4,16.416324590358133,,,True,,29.14201645049933,,,55,,,65.66529836143253
418,0,0,0,,3,10.314016472615698,,,True,,32.30864659000775,,,42,,,30.94204941784709
419,0,0,0,,2,19.23606794472266,,,True,,24.278665134601496,,,21,,,38.47213588944532
420,0,0,0,,2,19.434653044816763,,,True,,23.58816632051328,,,32,,,38.869306089633525
421,0,0,0,,3,14.31362885326562,,,True,,31.804636990718013,,,55,,,42.94088655979687
422,0,0,0,,1,18.929904305223243,,,False,,20.845727807798475,,,50,,,18.929904305223243
423,0,0,0,,2,16.412815167717433,,,False,,25.540739713738777,,,55,,,32.825630335434866
424,0,0,0,,5,13.202894614626892,,,True,,27.587138338884948,,,50,,,66.01447307313447
425,0,0,0,,3,7.704619031341672,,,True,,28.40523011525485,,,58,,,23.11385709402501
426,0,0,0,,3,11.8789691527076,,,True,,30.92922735189165,,,18,,,35.636907458122806
427,0,0,0,,2,13.413116950439264,,,False,,25.322685851459877,,,44,,,26.826233900878528
428,0,0,0,,1,17.959423711025153,,,False,,27.154342182681738,,,38,,,17.959423711025153
429,0,0,0,,5,12.220000648034972,,,False,,28.780631341864343,,,34,,,61.10000324017486
430,0,0,0,,1,18.46512009016935,,,True,,27.154342182681738,,,45,,,18.46512009016935
431,0,0,0,,4,15.115234685352034,,,True,,29.60724939713318,,,38,,,60.460938741408135
432,0,0,0,,4,7.05498594580507,,,True,,27.154342182681738,,,21,,,28.21994378322028
433,0,0,0,,2,19.9247205398764,,,True,,21.269731303769436,,,40,,,39.84944107975279
434,0,0,0,,2,12.908489911308688,,,False,,21.789075080596152,,,27,,,25.816979822617377
435,0,0,0,,2,10.877874446136182,,,True,,23.368735739808518,,,22,,,21.755748892272365
436,0,0,0,,4,14.886706467042895,,,True,,27.50296903284178,,,19,,,59.54682586817159
437,0,0,0,,1,6.633399709715587,,,True,,32.6066412581903,,,58,,,6.633399709715587
438,0,0,0,,1,14.548079701300315,,,False,,30.51940013132576,,,27,,,14.548079701300315
439,0,0,0,,2,12.473540007489095,,,False,,31.83560906303071,,,43,,,24.94708001497819
440,0,0,0,,5,11.100111049978748,,,True,,25.26463435889137,,,34,,,55.500555249893736
441,0,0,0,,1,19.295300317683488,,,False,,26.06980612472825,,,28,,,19.295300317683488
442,0,0,0,,4,12.838095750980798,,,False,,27.154342182681738,,,46,,,51.3523830039232
443,0,0,0,,3,8.286762192049077,,,False,,22.878097766067523,,,41,,,24.86028657614723
444,0,0,0,,3,11.88445219065948,,,False,,20.91824987215358,,,39,,,35.65335657197844
445,0,0,0,,3,18.790811068590088,,,False,,28.8637413924084,,,18,,,56.37243320577026
446,0,0,0,,5,7.64143206995892,,,True,,34.83825025130879,,,35,,,38.207160349794606
447,0,0,0,,2,8.209355580323553,,,True,,27.154342182681738,,,32,,,16.418711160647106
448,0,0,0,,4,5.1954435163562565,,,True,,20.700272298489107,,,53,,,20.781774065425022
449,0,0,0,,5,5.212850740936508,,,False,,31.692975227358996,,,29,,,26.064253704682542
450,0,0,0,,4,17.440874404377688,,,False,,23.788790100270862,,,52,,,69.76349761751075
451,0,0,0,,4,15.981839102644336,,,False,,32.44465708029392,,,38,,,63.92735641057735
452,0,0,0,,2,10.325615846779376,,,False,,30.559050005517733,,,22,,,20.65123169355875
453,0,0,0,,3,15.47466735841359,,,True,,34.18510305576207,,,42,,,46.42400207524077
454,0,0,0,,2,10.928088894649552,,,True,,26.13390853635008,,,35,,,21.856177789299107
455,0,0,0,,5,19.29345193996741,,,True,,29.929547591759512,,,30,,,96.46725969983706
456,0,0,0,,5,19.505790221390523,,,True,,26.97282171219906,,,30,,,97.52895110695262
457,0,0,0,,5,10.891906637140153,,,True,,29.458830459628157,,,49,,,54.45953318570076
458,0,0,0,,2,17.81332859511302,,,True,,26.74398359011606,,,31,,,35.62665719022604
459,0,0,0,,4,16.596335625461993,,,False,,22.829483696361123,,,23,,,66.38534250184797
460,0,0,0,,4,9.64999905757684,,,False,,27.618461240050717,,,49,,,38.59999623030736
461,0,0,0,,1,8.48059743351659,,,True,,27.154342182681738,,,43,,,8.48059743351659
462,0,0,0,,5,11.873519755892508,,,False,,32.159057723902414,,,53,,,59.36759877946254
463,0,0,0,,4,16.720232609216094,,,True,,31.03281058690372,,,32,,,66.88093043686438
464,0,0,0,,1,19.40251677093118,,,True,,29.956874359121663,,,26,,,19.40251677093118
465,0,0,0,,4,16.45368603299859,,,False,,21.700806433288587,,,33,,,65.81474413199436
466,0,0,0,,5,17.82810477527555,,,True,,30.809244359955727,,,36,,,89.14052387637774
467,0,0,0,,3,14.045964592557748,,,True,,27.50457734531772,,,29,,,42.13789377767324
468,0,0,0,,5,17.53111746263189,,,True,,27.154342182681738,,,15,,,87.65558731315946
469,0,0,0,,2,16.766312870051266,,,False,,33.79806401195814,,,16,,,33.53262574010253
470,0,0,0,,4,10.654783128894202,,,False,,20.82734885902678,,,22,,,42.61913251557681
471,0,0,0,,4,13.279854531810816,,,False,,27.154342182681738,,,36,,,53.119418127243264
472,0,0,0,,2,17.071296829845423,,,False,,20.56546085634006,,,39,,,34.142593659690846
473,0,0,0,,2,5.690851012849346,,,True,,25.50754438542534,,,16,,,11.381702025698692
474,0,0,0,,3,17.121189235337447,,,False,,28.134499634316185,,,23,,,51.36356770601234
475,0,0,0,,4,7.668321860735352,,,False,,22.221511979406912,,,23,,,30.673287442941408
476,0,0,0,,4,12.720254256821583,,,False,,31.19470718853615,,,27,,,50.88101702728633
477,0,0,0,,3,17.124131593339065,,,True,,20.12532056258208,,,20,,,51.3723947800172
478,0,0,0,,1,8.807316172350422,,,False,,27.154342182681738,,,44,,,8.807316172350422
479,0,0,0,,3,8.687111589592295,,,False,,28.711952447802133,,,29,,,26.061334768776884
480,0,0,0,,5,11.04146597693378,,,True,,30.715813430559383,,,29,,,55.207329884668894
481,0,0,0,,4,18.41964196366452,,,True,,33.74964654040874,,,21,,,73.67856785465807
482,0,0,0,,2,5.006641721558118,,,True,,30.58244977901936,,,25,,,10.013283443116237
483,0,0,0,,5,18.520746449629023,,,True,,30.07668905382299,,,54,,,92.60373224814512
484,0,0,0,,4,7.307105369624116,,,False,,25.915117195259967,,,52,,,29.228421478496465
485,0,0,0,,3,19.85129564101223,,,True,,20.01926638290202,,,54,,,59.553886923036686
486,0,0,0,,5,19.322704895577026,,,False,,21.80238888103433,,,16,,,96.61352447788512
487,0,0,0,,4,12.420127843869247,,,False,,28.01831817134059,,,53,,,49.680511375477
488,0,0,0,,1,12.69080371718942,,,False,,30.12694828766629,,,24,,,12.69080371718942
489,0,0,0,,1,12.223240104137815,,,False,,26.26172425844694,,,58,,,12.223240104137815
490,0,0,0,,2,14.53165468489284,,,False,,30.96018517292585,,,31,,,29.06330936978568
491,0,0,0,,4,6.360825533523966,,,True,,27.827934429982683,,,21,,,25.443302134095862
492,0,0,0,,1,5.489269225123498,,,False,,21.11264293391468,,,54,,,5.489269225123498
493,0,0,0,,3,5.865543926238483,,,False,,22.880243764519232,,,53,,,17.596631778715448
494,0,0,0,,4,11.665480238622717,,,False,,32.59997334865915,,,18,,,46.66192095449087
495,0,0,0,,3,9.13321908829225,,,True,,30.87369119936659,,,49,,,27.39965726487675
496,0,0,0,,3,14.330593435564907,,,False,,33.42142980518742,,,50,,,42.99178030669472
497,0,0,0,,1,19.886634340621683,,,False,,21.763358736814048,,,45,,,19.886634340621683
498,0,0,0,,4,10.794847596146989,,,True,,34.85333801922611,,,39,,,43.179390384587954
499,0,0,0,,5,13.6076188115677,,,False,,23.141100709249,,,55,,,68.0380940578385
500,0,0,0,,1,11.234058438610033,,,False,,20.176698144299632,,,27,,,11.234058438610033
501,0,0,0,,1,17.709075015827892,,,True,,34.96134408580331,,,32,,,17.709075015827892
502,0,0,0,,4,18.53354605193357,,,False,,24.216108281676696,,,35,,,74.13418420773428
503,0,0,0,,4,18.160334183078906,,,False,,27.154342182681738,,,15,,,72.64133673231561
504,0,0,0,,3,19.61558358018886,,,False,,22.65023471264458,,,50,,,58.84675074056658
505,0,0,0,,4,5.41278777710623,,,False,,28.70342798298713,,,22,,,21.65115110842492
506,0,0,0,,3,17.597242432182966,,,False,,33.560524796818385,,,35,,,52.7917272965489
507,0,0,0,,1,16.276582595586397,,,True,,24.80271751142658,,,57,,,16.276582595586397
508,0,0,0,,2,8.430416141005471,,,True,,30.05380964066539,,,35,,,16.860832282010943
509,0,0,0,,5,19.344801400812912,,,True,,22.81855383197625,,,41,,,96.72400700406456
510,0,0,0,,1,7.2226689234491825,,,False,,29.37193098078088,,,33,,,7.2226689234491825
511,0,0,0,,4,15.193248907008623,,,False,,27.154342182681738,,,37,,,60.7729956280345
512,0,0,0,,5,8.373353252238687,,,False,,23.16812387881928,,,57,,,41.86676626119343
513,0,0,0,,2,11.47070973161112,,,True,,24.697730760554528,,,49,,,22.94141946322224
514,0,0,0,,2,15.787398454168532,,,False,,22.68261602761699,,,54,,,31.574796908337067
515,0,0,0,,3,13.4498696304957,,,False,,33.528741617568244,,,56,,,40.3496088914871
516,0,0,0,,5,11.412527469921676,,,False,,25.95780329475693,,,19,,,57.06263734960838
517,0,0,0,,3,9.895076463979809,,,True,,23.67918957461551,,,55,,,29.685229391939423
518,0,0,0,,1,17.594894835631855,,,True,,26.726117615238994,,,22,,,17.594894835631855
519,0,0,0,,5,7.157215254722206,,,False,,24.808042502097432,,,25,,,35.78607627361103
520,0,0,0,,1,11.451543147947,,,False,,31.16628880719989,,,30,,,11.451543147947
521,0,0,0,,3,18.55636357662713,,,False,,34.56829867828242,,,53,,,55.66909072988141
522,0,0,0,,5,17.687743256899516,,,True,,26.5705048504647,,,38,,,88.43871628449759
523,0,0,0,,3,11.0141264370957,,,True,,32.91550099958361,,,35,,,33.04237931128711
524,0,0,0,,5,16.446625454019625,,,True,,28.487946103394293,,,37,,,82.23312727009812
525,0,0,0,,3,17.34741246063289,,,False,,22.3585349764135,,,52,,,52.042237381898666
526,0,0,0,,2,18.333311360054445,,,True,,30.359341131220123,,,22,,,36.66662272010889
527,0,0,0,,3,13.16758653573842,,,False,,27.701517456887306,,,21,,,39.50275960721525
528,0,0,0,,2,8.066913290820677,,,False,,29.75909784878155,,,16,,,16.133826581641355
529,0,0,0,,3,8.829636147558976,,,True,,33.345311188574975,,,44,,,26.488908442676927
530,0,0,0,,5,9.435420110624063,,,False,,27.154342182681738,,,27,,,47.17710055312032
531,0,0,0,,5,13.907037212144232,,,True,,33.51766434826033,,,37,,,69.53518606072116
532,0,0,0,,5,5.492144361929126,,,False,,31.26003521422482,,,43,,,27.460721809645637
533,0,0,0,,4,14.540637031699523,,,False,,27.329073888169773,,,52,,,58.1625481267981
534,0,0,0,,1,10.46531357642348,,,True,,29.048332034869453,,,51,,,10.46531357642348
535,0,0,0,,5,9.428627037344633,,,False,,24.88371698778517,,,34,,,47.14313518672317
536,0,0,0,,2,18.192448560921896,,,False,,34.75395949608161,,,47,,,36.38489712184379
537,0,0,0,,5,11.900035933711983,,,False,,30.01026744575594,,,43,,,59.50017966855992
538,0,0,0,,4,6.425795682990392,,,False,,20.65770278744945,,,29,,,25.70318273196157
539,0,0,0,,2,17.401201520393705,,,False,,24.899328586220133,,,37,,,34.80240304078741
540,0,0,0,,4,5.714618861547599,,,False,,29.34971650638586,,,56,,,22.8584754461904
541,0,0,0,,2,15.90123836252295,,,False,,20.8449991669886,,,17,,,31.8024767250459
542,0,0,0,,3,16.608593326559976,,,False,,20.35826286978714,,,51,,,49.82577997967993
543,0,0,0,,1,10.289039088932872,,,True,,26.75036359291704,,,43,,,10.289039088932872
544,0,0,0,,1,17.3718178441668,,,True,,24.99035269539005,,,59,,,17.3718178441668
545,0,0,0,,4,12.7348910878468,,,False,,26.57447912049749,,,22,,,50.939564351387205
546,0,0,0,,1,11.949404799091951,,,False,,23.94039964820008,,,36,,,11.949404799091951
547,0,0,0,,4,5.6810492220303885,,,True,,27.154342182681738,,,43,,,22.724196888121558
548,0,0,0,,4,9.350437904733589,,,False,,30.337150354705063,,,16,,,37.40175161893436
549,0,0,0,,4,18.965149563279496,,,True,,27.718566744017007,,,55,,,75.86059825311798
550,0,0,0,,1,10.8773594492525,,,True,,23.002313168740503,,,59,,,10.8773594492525
551,0,0,0,,4,13.200507808351524,,,True,,24.79384139389997,,,15,,,52.8020312334061
552,0,0,0,,1,12.980325184763776,,,False,,27.154342182681738,,,58,,,12.980325184763776
553,0,0,0,,4,13.8564663473404,,,False,,21.08344022408717,,,34,,,55.4258653893616
554,0,0,0,,5,5.919964334649239,,,False,,22.21179513899269,,,35,,,29.5998216732462
555,0,0,0,,4,10.432643821980925,,,True,,21.09868406161085,,,51,,,41.7305752879237
556,0,0,0,,2,15.846924108238312,,,True,,32.18475999071178,,,22,,,31.693848216476624
557,0,0,0,,4,8.008403766094744,,,True,,27.154342182681738,,,41,,,32.03361506437898
558,0,0,0,,3,8.053675663195406,,,False,,31.299693978188856,,,49,,,24.16102698958622
559,0,0,0,,4,5.151359100335371,,,True,,30.74488015214042,,,20,,,20.605436401341485
560,0,0,0,,2,11.562228899123143,,,True,,30.04078135504804,,,59,,,23.12445779824629
561,0,0,0,,2,18.24101571010133,,,False,,27.154878730672625,,,58,,,36.48203142020266
562,0,0,0,,1,5.778514153809635,,,True,,29.634172452606727,,,33,,,5.778514153809635
563,0,0,0,,5,7.866780642440039,,,True,,20.57542332181962,,,32,,,39.3339032122002
564,0,0,0,,4,9.651268075141326,,,False,,29.32196633985177,,,15,,,38.6050723005653
565,0,0,0,,1,15.975871048463194,,,False,,31.66816558305316,,,39,,,15.975871048463194
566,0,0,0,,5,14.609533892038796,,,True,,27.505375405765854,,,41,,,73.04766946019399
567,0,0,0,,4,11.239158568727824,,,False,,25.362699926408556,,,21,,,44.9566342749113
568,0,0,0,,3,16.386034088875636,,,True,,24.161401022014687,,,58,,,49.15810226662691
569,0,0,0,,4,14.14446517485353,,,False,,29.64203075243124,,,56,,,56.57786069941412
570,0,0,0,,2,18.440611994858287,,,True,,30.39201797944863,,,43,,,36.881223989716574
571,0,0,0,,2,17.270401237080396,,,False,,33.064513997938136,,,45,,,34.54080247416079
572,0,0,0,,3,8.792204091338007,,,True,,25.13501123691486,,,58,,,26.376612274014025
573,0,0,0,,1,9.071578664513003,,,False,,31.546584610783786,,,57,,,9.071578664513003
574,0,0,0,,5,6.880347136885785,,,False,,28.42033736284007,,,50,,,34.40173568442893
575,0,0,0,,4,10.054470885761848,,,False,,33.24254736017119,,,33,,,40.21788354304739
576,0,0,0,,2,19.993158780786416,,,False,,27.917181624434317,,,20,,,39.98631756157283
577,0,0,0,,1,11.086267529225914,,,False,,27.764447425969507,,,39,,,11.086267529225914
578,0,0,0,,3,8.307326520336595,,,False,,27.154342182681738,,,45,,,24.921979561009785
579,0,0,0,,2,16.437243267133297,,,False,,31.23973032713652,,,23,,,32.874486534266595
580,0,0,0,,3,13.13706505193984,,,True,,34.47035718242692,,,34,,,39.41119515581952
581,0,0,0,,4,7.244021742904287,,,True,,21.10345031323649,,,24,,,28.97608697161715
582,0,0,0,,5,10.710345217412986,,,False,,20.801519035865255,,,51,,,53.55172608706493
583,0,0,0,,2,11.21704573309015,,,False,,34.06325506111008,,,41,,,22.4340914661803
584,0,0,0,,2,16.30744550853828,,,True,,27.94813438277309,,,27,,,32.61489101707656
585,0,0,0,,4,5.310070533378567,,,True,,29.223545218504043,,,55,,,21.240282133514267
586,0,0,0,,1,9.035294701974657,,,False,,27.23635402392093,,,16,,,9.035294701974657
587,0,0,0,,5,12.763944519732831,,,True,,21.40486178911212,,,35,,,63.81972259866416
588,0,0,0,,2,9.03270113679265,,,True,,31.52134067628,,,47,,,18.0654022735853
589,0,0,0,,5,14.426510711284983,,,False,,31.208369676328804,,,38,,,72.13255355642491
590,0,0,0,,2,12.228012189119248,,,False,,24.675549822392178,,,58,,,24.456024378238496
591,0,0,0,,5,10.42565382289371,,,False,,24.59358867842601,,,56,,,52.128269114468544
592,0,0,0,,3,19.238129403057684,,,True,,32.56762071358278,,,48,,,57.71438820917305
593,0,0,0,,2,14.482392487796862,,,False,,21.0853588661199,,,23,,,28.964784975593723
594,0,0,0,,5,6.949120584019118,,,False,,33.21657722534849,,,16,,,34.74560292009559
595,0,0,0,,1,13.401375461650932,,,True,,23.84992534843872,,,44,,,13.401375461650932
596,0,0,0,,3,16.710977798013516,,,False,,28.89477121633241,,,36,,,50.13293339404055
597,0,0,0,,3,15.62734546239196,,,True,,27.154342182681738,,,25,,,46.88203638717588
598,0,0,0,,1,7.58133843942889,,,True,,30.171837523049696,,,57,,,7.58133843942889
599,0,0,0,,5,19.58629998560155,,,True,,26.21644718700555,,,31,,,97.93149992800775
600,0,0,0,,4,11.73220468619909,,,True,,30.343013133581227,,,50,,,46.92881874479636
601,0,0,0,,1,7.385375056103919,,,True,,25.159694544745552,,,27,,,7.385375056103919
602,0,0,0,,5,7.702936311922219,,,True,,24.158876245237792,,,21,,,38.51468155961109
603,0,0,0,,1,6.473524882836207,,,False,,34.9502491690202,,,30,,,6.473524882836207
604,0,0,0,,1,17.052771626524013,,,False,,31.261853467696817,,,47,,,17.052771626524013
605,0,0,0,,2,6.8304574148277295,,,False,,29.670799660727265,,,59,,,13.66091482965546
606,0,0,0,,5,6.876878857126204,,,True,,25.329344648289783,,,15,,,34.38439428563102
607,0,0,0,,4,17.757074221412566,,,False,,20.737412437325723,,,25,,,71.02829688565026
608,0,0,0,,2,10.169061266713395,,,True,,20.465853140527333,,,20,,,20.33812253342679
609,0,0,0,,1,5.462868564621087,,,False,,28.31271883173198,,,34,,,5.462868564621087
610,0,0,0,,1,5.778429492776163,,,True,,31.430490815585767,,,49,,,5.778429492776163
611,0,0,0,,1,7.132556700558434,,,False,,28.060687856657825,,,58,,,7.132556700558434
612,0,0,0,,5,8.200900219635344,,,True,,32.61177607908672,,,51,,,41.00450109817672
613,0,0,0,,5,14.97719291357608,,,False,,20.501397996398325,,,55,,,74.88596456788041
614,0,0,0,,2,7.359894200027424,,,True,,25.5012811463891,,,40,,,14.719788400054847
615,0,0,0,,4,6.78311586765608,,,False,,23.55605586761267,,,26,,,27.13246347062432
616,0,0,0,,2,16.470787122144188,,,True,,26.70909452235683,,,44,,,32.941574244288375
617,0,0,0,,3,15.065829257898717,,,False,,21.08564589791184,,,42,,,45.19748777369615
618,0,0,0,,1,11.529863321828543,,,False,,34.31197462356609,,,41,,,11.529863321828543
619,0,0,0,,1,13.23964657220156,,,False,,23.34883101604041,,,56,,,13.23964657220156
620,0,0,0,,1,9.679760304896275,,,True,,27.154342182681738,,,33,,,9.679760304896275
621,0,0,0,,2,12.23750630353041,,,True,,26.388397325550223,,,19,,,24.47501260706082
622,0,0,0,,2,12.600089734741186,,,True,,27.154342182681738,,,19,,,25.20017946948237
623,0,0,0,,1,10.80855906767144,,,True,,27.154342182681738,,,55,,,10.80855906767144
624,0,0,0,,2,18.59858316008244,,,True,,33.962492962637114,,,41,,,37.19716632016488
625,0,0,0,,5,5.240927974715092,,,False,,20.080234830413342,,,42,,,26.20463987357546
626,0,0,0,,5,16.732568946368694,,,True,,31.2235820927135,,,40,,,83.66284473184348
627,0,0,0,,2,6.865742468619865,,,False,,33.54575979653773,,,41,,,13.73148493723973
628,0,0,0,,1,16.96321040805799,,,False,,22.09580850468431,,,56,,,16.96321040805799
629,0,0,0,,2,14.23867873515082,,,True,,21.441887775982277,,,35,,,28.47735747030164
630,0,0,0,,2,17.649171364046033,,,False,,26.368589107789333,,,15,,,35.29834272809207
631,0,0,0,,2,6.462714884613462,,,True,,34.005183591994026,,,42,,,12.925429769226923
632,0,0,0,,3,13.384709511496611,,,True,,28.13579840285658,,,29,,,40.15412853448984
633,0,0,0,,5,12.516318203932956,,,True,,27.154342182681738,,,31,,,62.58159101966478
634,0,0,0,,4,15.59289774445038,,,False,,22.11689177448983,,,40,,,62.37159097780152
635,0,0,0,,4,13.014358278405137,,,True,,20.01184266639828,,,34,,,52.05743311362055
636,0,0,0,,3,13.111018506996563,,,True,,32.15210136118192,,,39,,,39.33305552098969
637,0,0,0,,2,11.44393915364097,,,True,,21.313618444793573,,,27,,,22.88787830728194
638,0,0,0,,3,9.632516360110111,,,False,,29.507747281029857,,,47,,,28.89754908033034
639,0,0,0,,3,12.233965418782883,,,True,,27.154342182681738,,,39,,,36.70189625634865
640,0,0,0,,1,6.777385381526009,,,False,,23.129778697376462,,,22,,,6.777385381526009
641,0,0,0,,5,19.42270008474627,,,False,,29.979092543553666,,,19,,,97.11350042373137
642,0,0,0,,4,15.716161454398977,,,True,,21.18047865061264,,,20,,,62.8646458175959
643,0,0,0,,2,19.2870067503177,,,False,,29.056327157564198,,,37,,,38.5740135006354
644,0,0,0,,4,8.400910734949449,,,False,,22.458975814298043,,,44,,,33.603642939797794
645,0,0,0,,4,18.19011530264792,,,True,,31.039303407727672,,,28,,,72.76046121059169
646,0,0,0,,5,17.131849768453076,,,True,,24.518469421908623,,,37,,,85.65924884226538
647,0,0,0,,4,15.157286186865106,,,True,,26.95086513206969,,,25,,,60.62914474746042
648,0,0,0,,4,14.375437791278086,,,False,,28.99145813041433,,,45,,,57.501751165112346
649,0,0,0,,3,9.74824497901805,,,True,,22.569101159993597,,,20,,,29.24473493705415
650,0,0,0,,5,17.24616177447546,,,False,,31.124567279264312,,,25,,,86.23080887237731
651,0,0,0,,1,12.522731922196009,,,False,,24.53960510955222,,,27,,,12.522731922196009
652,0,0,0,,2,6.06337363836928,,,False,,29.935577898691303,,,26,,,12.12674727673856
653,0,0,0,,4,9.69294741282695,,,False,,22.37424576049061,,,16,,,38.7717896513078
654,0,0,0,,2,19.02945647817992,,,False,,30.32176488809525,,,49,,,38.05891295635983
655,0,0,0,,1,17.760203909072693,,,True,,21.922821092156926,,,50,,,17.760203909072693
656,0,0,0,,2,19.728585471148087,,,True,,26.380347444049757,,,31,,,39.45717094229617
657,0,0,0,,1,14.419900739061472,,,False,,23.708091106083156,,,42,,,14.419900739061472
658,0,0,0,,3,8.712651097106178,,,False,,31.22562874142274,,,42,,,26.13795329131853
659,0,0,0,,4,7.442225745152957,,,True,,23.93052506760312,,,36,,,29.768902980611827
660,0,0,0,,1,7.8037166091269246,,,True,,33.225759595930946,,,52,,,7.8037166091269246
661,0,0,0,,2,5.296934875208816,,,False,,33.37730317109919,,,21,,,10.593869750417632
662,0,0,0,,4,10.860231664789088,,,False,,22.946619728341787,,,29,,,43.44092665915635
663,0,0,0,,3,7.871415207493138,,,True,,29.207689175115863,,,46,,,23.614245622479416
664,0,0,0,,4,11.174831906850535,,,True,,21.315764625799464,,,25,,,44.69932762740214
665,0,0,0,,1,19.02491647758148,,,False,,25.87305649402444,,,38,,,19.02491647758148
666,0,0,0,,3,11.45810314260785,,,True,,30.699825942519084,,,17,,,34.37430942782355
667,0,0,0,,2,18.16976745477252,,,True,,27.154342182681738,,,44,,,36.33953490954504
668,0,0,0,,3,14.082571499238147,,,False,,29.37051004109912,,,20,,,42.24771449771444
669,0,0,0,,3,8.706973319920879,,,False,,24.238112954936653,,,16,,,26.12091995976264
670,0,0,0,,5,10.337821388888171,,,False,,25.67037424151603,,,28,,,51.68910694444086
671,0,0,0,,3,6.258793037321441,,,True,,21.54419217050429,,,55,,,18.776379111964324
672,0,0,0,,3,10.001938903940156,,,False,,30.785342306504013,,,32,,,30.005816711820472
673,0,0,0,,4,15.163114182553011,,,True,,27.558331951869103,,,58,,,60.652456730212045
674,0,0,0,,2,6.081666393941528,,,False,,30.63148448518482,,,45,,,12.163332787883055
675,0,0,0,,4,8.081021127170441,,,False,,23.734152871953093,,,27,,,32.324084508681764
676,0,0,0,,4,10.721615621199671,,,True,,24.866573429525992,,,40,,,42.886462484798685
677,0,0,0,,1,19.73074305523944,,,True,,25.01323005890172,,,58,,,19.73074305523944
678,0,0,0,,4,16.772927344383202,,,False,,20.386136146208244,,,26,,,67.09170937753281
679,0,0,0,,5,16.002301197381556,,,False,,25.115718092459357,,,32,,,80.01150598690778
680,0,0,0,,5,6.74286434788169,,,True,,32.049568602770506,,,23,,,33.71432173940845
681,0,0,0,,1,16.714938404224874,,,False,,33.459477436246075,,,35,,,16.714938404224874
682,0,0,0,,2,16.779032172740227,,,True,,27.773274734538912,,,54,,,33.55806434548045
683,0,0,0,,2,14.016540434364924,,,True,,26.832525428288303,,,57,,,28.033080868729847
684,0,0,0,,4,19.855426729975576,,,False,,20.462369280490552,,,38,,,79.4217069199023
685,0,0,0,,4,9.878808588868278,,,True,,33.18806506378074,,,48,,,39.51523435547311
686,0,0,0,,4,19.11908672362777,,,True,,27.154342182681738,,,22,,,76.4763468945111
687,0,0,0,,2,18.720966724347555,,,True,,34.171251203153176,,,58,,,37.44193344869511
688,0,0,0,,3,5.172209896240668,,,False,,27.33824373032136,,,47,,,15.516629688722004
689,0,0,0,,5,11.751747897122163,,,True,,25.1290174036209,,,37,,,58.758739485610825
690,0,0,0,,3,19.6565634957736,,,False,,33.8632765226399,,,27,,,58.9696904873208
691,0,0,0,,3,6.546820436121137,,,False,,20.36586489665145,,,28,,,19.64046130836341
692,0,0,0,,2,13.216770415749792,,,False,,28.721373423036304,,,28,,,26.433540831499585
693,0,0,0,,3,19.684362605616563,,,True,,28.233987867490065,,,30,,,59.05308781684969
694,0,0,0,,1,13.332431361587902,,,True,,23.28980601817073,,,52,,,13.332431361587902
695,0,0,0,,4,7.84722954458234,,,False,,26.43331147025316,,,53,,,31.38891817832936
696,0,0,0,,1,13.732748451388847,,,False,,29.78396008915655,,,40,,,13.732748451388847
697,0,0,0,,5,8.066608609243202,,,True,,30.906967953228914,,,40,,,40.33304304621601
698,0,0,0,,4,12.795563943417264,,,False,,20.010752880598695,,,15,,,51.182255773669056
699,0,0,0,,3,6.11063326868522,,,False,,27.154342182681738,,,46,,,18.33189980605566
700,0,0,0,,5,14.082240038216067,,,True,,22.467880585892186,,,29,,,70.41120019108034
701,0,0,0,,4,12.751849086922372,,,False,,23.503706513335388,,,35,,,51.00739634768949
702,0,0,0,,3,16.10242053142195,,,True,,23.95210168540772,,,32,,,48.307261594265846
703,0,0,0,,1,14.460507067381776,,,True,,20.56730204828053,,,44,,,14.460507067381776
704,0,0,0,,4,13.24409402796135,,,False,,21.845781853854877,,,27,,,52.9763761118454
705,0,0,0,,3,15.346682738721816,,,True,,34.79524884416243,,,38,,,46.04004821616545
706,0,0,0,,1,7.159128703583463,,,True,,24.72825106065929,,,44,,,7.159128703583463
707,0,0,0,,5,13.93039491887906,,,True,,21.72951635508574,,,16,,,69.65197459439531
708,0,0,0,,5,7.581659042341665,,,False,,21.60486891761935,,,33,,,37.90829521170833
709,0,0,0,,5,18.88283311777821,,,False,,30.79189951504958,,,58,,,94.41416558889104
710,0,0,0,,5,6.025011572684063,,,False,,32.81852996048961,,,39,,,30.12505786342032
711,0,0,0,,2,11.4556212453619,,,True,,23.85428449262705,,,28,,,22.9112424907238
712,0,0,0,,4,15.436962164831671,,,True,,20.31364268502853,,,20,,,61.74784865932669
713,0,0,0,,4,11.87033317502388,,,False,,23.346350276680337,,,26,,,47.48133270009552
714,0,0,0,,2,6.381428798493536,,,False,,27.154342182681738,,,34,,,12.762857596987072
715,0,0,0,,3,13.300685241900611,,,True,,21.55092404945062,,,37,,,39.90205572570184
716,0,0,0,,3,14.624478632410318,,,False,,27.154342182681738,,,44,,,43.87343589723096
717,0,0,0,,5,15.556884664857614,,,False,,23.44877556292449,,,44,,,77.78442332428807
718,0,0,0,,1,10.598897216941385,,,False,,27.739188177881356,,,52,,,10.598897216941385
719,0,0,0,,3,13.454899565431433,,,False,,27.154342182681738,,,44,,,40.3646986962943
720,0,0,0,,1,11.760297124083696,,,False,,34.108059516544216,,,55,,,11.760297124083696
721,0,0,0,,4,15.080840581283802,,,True,,33.589159518893965,,,44,,,60.32336232513521
722,0,0,0,,1,13.753354509872278,,,False,,28.50209157515699,,,50,,,13.753354509872278
723,0,0,0,,4,12.886343293387023,,,False,,25.316359879810797,,,48,,,51.54537317354809
724,0,0,0,,2,8.742865502573729,,,True,,25.717203230521037,,,30,,,17.485731005147457
725,0,0,0,,2,5.0302777662235085,,,True,,26.177784247167452,,,38,,,10.060555532447015
726,0,0,0,,5,7.611225129671439,,,True,,30.91368983202416,,,28,,,38.0561256483572
727,0,0,0,,3,6.75599062136253,,,True,,26.774584932782567,,,40,,,20.267971864087592
728,0,0,0,,5,11.736271175164202,,,False,,32.85094919758846,,,22,,,58.68135587582101
729,0,0,0,,4,14.18387226142767,,,False,,34.161421788955465,,,28,,,56.73548904571068
730,0,0,0,,5,8.196275130272124,,,False,,25.039192300684007,,,45,,,40.98137565136062
731,0,0,0,,1,19.085856439507808,,,False,,28.410417220635203,,,16,,,19.085856439507808
732,0,0,0,,4,5.100231938358316,,,True,,21.425848052488465,,,18,,,20.400927753433265
733,0,0,0,,2,16.584515227480143,,,True,,23.007035716495384,,,15,,,33.169030454960286
734,0,0,0,,3,14.378071542956633,,,False,,26.201986500652403,,,34,,,43.1342146288699
735,0,0,0,,4,10.603322015715229,,,False,,23.09304073852668,,,28,,,42.413288062860914
736,0,0,0,,4,5.757334166186119,,,False,,33.14840736183076,,,54,,,23.02933666474448
737,0,0,0,,1,14.41229857676419,,,False,,22.374293840886477,,,39,,,14.41229857676419
738,0,0,0,,3,10.78420269298472,,,True,,26.83491232329638,,,39,,,32.35260807895416
739,0,0,0,,2,19.04400709119829,,,False,,29.08548860689813,,,17,,,38.08801418239658
740,0,0,0,,4,13.129851123346487,,,True,,30.377958622412667,,,19,,,52.51940449338596
741,0,0,0,,4,19.094772669402623,,,True,,25.7460405458976,,,52,,,76.37909067761049
742,0,0,0,,1,8.30725540209956,,,True,,33.036486030870925,,,40,,,8.30725540209956
743,0,0,0,,5,15.88588865546155,,,True,,28.52478726616888,,,54,,,79.42944327730774
744,0,0,0,,2,14.258735312730884,,,False,,26.59261670671328,,,52,,,28.51747062546177
745,0,0,0,,3,16.091123447469677,,,False,,21.00860951078055,,,52,,,48.27337034240903
746,0,0,0,,4,8.220017959588052,,,False,,26.970342026677475,,,18,,,32.88007183835221
747,0,0,0,,4,14.974917743566603,,,False,,32.31103761223595,,,21,,,59.89967097426642
748,0,0,0,,2,12.470605895853032,,,True,,29.21811527331973,,,44,,,24.941211791706067
749,0,0,0,,5,16.142374623594744,,,True,,32.48243680593677,,,44,,,80.71187311797372
750,0,0,0,,4,9.905669662277266,,,True,,27.410175058989584,,,33,,,39.62267864910906
751,0,0,0,,2,18.35085538197879,,,False,,21.776925576417227,,,53,,,36.70171076395758
752,0,0,0,,1,6.264519719170256,,,True,,27.154342182681738,,,49,,,6.264519719170256
753,0,0,0,,5,17.10783978186782,,,True,,24.54829320077887,,,54,,,85.5391989093391
754,0,0,0,,3,17.91979438722636,,,True,,30.469857072466887,,,47,,,53.75938316167908
755,0,0,0,,4,17.258784670502315,,,True,,31.853898559125405,,,47,,,69.03513868200926
756,0,0,0,,2,12.69089591392664,,,False,,24.436292519304946,,,28,,,25.38179182785328
757,0,0,0,,1,11.57577470046142,,,True,,27.434808813248708,,,52,,,11.57577470046142
758,0,0,0,,3,19.943934297873152,,,True,,26.316783566511223,,,24,,,59.831802893619454
759,0,0,0,,2,8.437579268212431,,,False,,26.157841765271417,,,42,,,16.875158536424863
760,0,0,0,,2,13.20313948814067,,,False,,23.470230698002258,,,28,,,26.40627897628134
761,0,0,0,,3,15.060132880734884,,,False,,27.154342182681738,,,50,,,45.18039864220465
762,0,0,0,,1,15.51301453792148,,,True,,22.9503283734682,,,52,,,15.51301453792148
763,0,0,0,,1,8.06036998607868,,,True,,20.829985807450196,,,30,,,8.06036998607868
764,0,0,0,,5,14.80991138509702,,,True,,27.154342182681738,,,35,,,74.04955692548509
765,0,0,0,,4,17.27554349722006,,,True,,20.13801346438069,,,42,,,69.10217398888024
766,0,0,0,,3,5.750278652316683,,,False,,29.408876009539675,,,47,,,17.25083595695005
767,0,0,0,,3,18.67281939987975,,,True,,24.745631110815243,,,20,,,56.01845819963925
768,0,0,0,,3,5.442560827178089,,,True,,34.59717067140363,,,55,,,16.327682481534268
769,0,0,0,,1,10.339565487325917,,,False,,22.905755761644468,,,29,,,10.339565487325917
770,0,0,0,,4,5.237197943494431,,,False,,25.18742855464391,,,58,,,20.948791773977725
771,0,0,0,,5,6.157177528093728,,,False,,25.367617379623,,,17,,,30.78588764046864
772,0,0,0,,2,18.667524277701187,,,True,,20.126772440936907,,,57,,,37.33504855540237
773,0,0,0,,2,10.322912461192216,,,True,,32.58811929559188,,,49,,,20.645824922384435
774,0,0,0,,3,11.371572956375791,,,True,,20.47991690216487,,,28,,,34.11471886912738
775,0,0,0,,4,8.23016572073829,,,True,,34.10269752093862,,,16,,,32.92066288295316
776,0,0,0,,1,13.956436552800795,,,True,,33.38111526640431,,,43,,,13.956436552800795
777,0,0,0,,4,13.922048220166843,,,False,,28.032828741289453,,,18,,,55.68819288066738
778,0,0,0,,4,10.58300587737829,,,False,,28.15393362366938,,,40,,,42.33202350951316
779,0,0,0,,1,9.995523077080977,,,True,,29.806668844342347,,,26,,,9.995523077080977
780,0,0,0,,3,18.274464622708816,,,True,,25.805750179023303,,,16,,,54.823393868126445
781,0,0,0,,4,10.74926359463302,,,True,,29.70833425096783,,,31,,,42.99705437853208
782,0,0,0,,2,12.402514882316122,,,True,,20.671525830327305,,,49,,,24.805029764632245
783,0,0,0,,1,9.24957143637396,,,True,,20.8107144102459,,,24,,,9.24957143637396
784,0,0,0,,5,16.80154255035691,,,False,,26.85845629429317,,,36,,,84.00771275178455
785,0,0,0,,3,10.961722353486374,,,False,,28.244334516590524,,,55,,,32.885167060459125
786,0,0,0,,1,12.704165698164868,,,False,,33.31726460503729,,,57,,,12.704165698164868
787,0,0,0,,5,8.80035755089492,,,True,,21.569909508618444,,,35,,,44.001787754474606
788,0,0,0,,5,19.814893885118774,,,True,,32.33971890790834,,,29,,,99.07446942559388
789,0,0,0,,4,9.372436113855844,,,False,,23.150710059381044,,,49,,,37.48974445542338
790,0,0,0,,4,16.561137963583278,,,False,,27.154342182681738,,,35,,,66.24455185433311
791,0,0,0,,4,11.412434755351388,,,True,,24.749036522411195,,,35,,,45.64973902140555
792,0,0,0,,1,8.093261076262099,,,False,,26.002329092980982,,,35,,,8.093261076262099
793,0,0,0,,1,16.995781459472916,,,False,,22.257432471088784,,,58,,,16.995781459472916
794,0,0,0,,3,10.004101835435648,,,True,,27.553551116053324,,,46,,,30.012305506306944
795,0,0,0,,4,17.977900210967164,,,False,,32.02463884747051,,,19,,,71.91160084386865
796,0,0,0,,5,18.728857773767345,,,False,,26.623010155683453,,,53,,,93.64428886883672
797,0,0,0,,2,17.897357530869137,,,False,,27.359203638472987,,,23,,,35.79471506173827
798,0,0,0,,3,5.525118722102085,,,True,,32.73151377921971,,,32,,,16.575356166306253
799,0,0,0,,1,16.810600175076583,,,False,,30.590871719570465,,,35,,,16.810600175076583
800,0,0,0,,3,11.17009199748716,,,False,,27.35681612779677,,,22,,,33.51027599246147
801,0,0,0,,3,18.10584380273337,,,False,,23.86543472283769,,,58,,,54.317531408200125
802,0,0,0,,3,14.569313940271082,,,True,,33.2739012026745,,,48,,,43.70794182081325
803,0,0,0,,3,17.504647012159374,,,True,,28.65530602535837,,,24,,,52.51394103647812
804,0,0,0,,2,12.491476548002533,,,False,,23.3172141516604,,,55,,,24.982953096005065
805,0,0,0,,4,13.025382568983993,,,True,,24.036796289570155,,,38,,,52.10153027593597
806,0,0,0,,5,7.1658144820050085,,,False,,32.04699633404369,,,54,,,35.82907241002504
807,0,0,0,,3,16.759810380340333,,,True,,20.66218343131183,,,38,,,50.279431141021
808,0,0,0,,3,11.290844175004574,,,True,,34.8813828054323,,,46,,,33.872532525013725
809,0,0,0,,3,12.501201774073738,,,False,,21.95527519572188,,,47,,,37.50360532222122
810,0,0,0,,4,16.776465711435613,,,False,,31.94102788095406,,,52,,,67.10586284574245
811,0,0,0,,1,13.982681001191583,,,False,,27.154342182681738,,,58,,,13.982681001191583
812,0,0,0,,1,8.016480911640011,,,True,,27.383242749312004,,,48,,,8.016480911640011
813,0,0,0,,2,13.853489887263391,,,False,,33.209758661968664,,,25,,,27.706979774526783
814,0,0,0,,1,11.114492869694836,,,True,,26.1936678438382,,,45,,,11.114492869694836
815,0,0,0,,3,12.04288313065794,,,True,,28.06240630509852,,,32,,,36.128649391973816
816,0,0,0,,3,5.424669116040016,,,False,,20.73949493613755,,,37,,,16.27400734812005
817,0,0,0,,3,8.150440242744224,,,True,,20.0352121080118,,,36,,,24.451320728232677
818,0,0,0,,2,9.215571220715423,,,False,,23.671998095025888,,,57,,,18.431142441430847
819,0,0,0,,3,15.694400117882086,,,True,,30.20874639378151,,,32,,,47.08320035364626
820,0,0,0,,1,5.17238709947173,,,False,,21.81897340038705,,,54,,,5.17238709947173
821,0,0,0,,4,11.13165891843698,,,True,,21.70642938206824,,,55,,,44.52663567374792
822,0,0,0,,4,18.86040305638599,,,True,,26.16440912053855,,,53,,,75.44161222554396
823,0,0,0,,5,6.678209248236858,,,False,,29.7175555791234,,,34,,,33.391046241184284
824,0,0,0,,1,12.746365823279168,,,True,,30.68107988371896,,,27,,,12.746365823279168
825,0,0,0,,3,16.797835735862705,,,False,,22.676760111475623,,,59,,,50.39350720758812
826,0,0,0,,4,19.13796961280175,,,True,,21.19382221058064,,,15,,,76.551878451207
827,0,0,0,,1,16.20164959300577,,,True,,34.10595550918316,,,18,,,16.20164959300577
828,0,0,0,,4,15.808483229666091,,,True,,23.90999573843153,,,38,,,63.233932918664365
829,0,0,0,,3,17.397321352936437,,,False,,32.80019746413086,,,50,,,52.19196405880931
830,0,0,0,,4,11.693018314663156,,,False,,32.95237175694227,,,50,,,46.77207325865262
831,0,0,0,,5,17.087667989267494,,,False,,31.58783887643817,,,59,,,85.43833994633746
832,0,0,0,,5,5.119466071181767,,,False,,22.53250409978855,,,16,,,25.59733035590884
833,0,0,0,,4,18.86841583065208,,,False,,32.32702188881301,,,42,,,75.4736633226083
834,0,0,0,,1,11.64959764275763,,,True,,31.5387583886238,,,40,,,11.64959764275763
835,0,0,0,,1,13.300702817986211,,,True,,28.950844851593256,,,37,,,13.300702817986211
836,0,0,0,,1,8.823233733723235,,,False,,25.05803052753429,,,29,,,8.823233733723235
837,0,0,0,,4,16.13796249260632,,,True,,23.937629063998163,,,50,,,64.55184997042528
838,0,0,0,,1,6.149537097128732,,,True,,21.828338181205385,,,41,,,6.149537097128732
839,0,0,0,,3,18.08953703820253,,,True,,27.64635600351307,,,20,,,54.26861111460759
840,0,0,0,,5,17.421752435095144,,,True,,28.7789131326477,,,49,,,87.10876217547572
841,0,0,0,,3,8.240901743671497,,,False,,25.39008485773681,,,53,,,24.72270523101449
842,0,0,0,,1,17.139865974278933,,,True,,27.130386015213027,,,52,,,17.139865974278933
843,0,0,0,,3,16.79536599592222,,,False,,25.452716860539,,,49,,,50.38609798776666
844,0,0,0,,1,14.483248966309237,,,False,,29.61509085981052,,,50,,,14.483248966309237
845,0,0,0,,4,10.602802653495312,,,True,,33.518888116948446,,,24,,,42.41121061398125
846,0,0,0,,3,9.072481312728016,,,False,,22.45880393070417,,,44,,,27.21744393818405
847,0,0,0,,4,8.47675385434025,,,True,,25.72113214854685,,,55,,,33.907015417361
848,0,0,0,,4,9.779134441454108,,,True,,22.11302905926292,,,52,,,39.11653776581643
849,0,0,0,,2,18.553376651487955,,,True,,27.154342182681738,,,43,,,37.10675330297591
850,0,0,0,,1,6.164611639831719,,,False,,27.154342182681738,,,57,,,6.164611639831719
851,0,0,0,,5,17.43306914379438,,,False,,33.97869098896184,,,53,,,87.1653457189719
852,0,0,0,,1,10.233351125627356,,,False,,24.183078893914477,,,18,,,10.233351125627356
853,0,0,0,,5,12.823990940170372,,,True,,34.25316808798145,,,19,,,64.11995470085186
854,0,0,0,,1,16.917284504727363,,,True,,20.948940077310123,,,18,,,16.917284504727363
855,0,0,0,,4,18.26564820534457,,,True,,29.04520795046882,,,50,,,73.06259282137827
856,0,0,0,,3,10.171721301089704,,,False,,20.85699079014995,,,59,,,30.515163903269112
857,0,0,0,,3,11.927652219126657,,,True,,27.154342182681738,,,30,,,35.78295665737996
858,0,0,0,,2,11.217740972251883,,,True,,27.947135856050814,,,39,,,22.435481944503767
859,0,0,0,,5,5.1987655025586585,,,False,,30.04022526144194,,,28,,,25.99382751279329
860,0,0,0,,5,9.43914333287985,,,False,,32.473608888656784,,,25,,,47.19571666439925
861,0,0,0,,5,11.887838505988428,,,False,,22.25465933725953,,,43,,,59.43919252994213
862,0,0,0,,4,11.166404133206598,,,True,,20.578873429072008,,,48,,,44.66561653282639
863,0,0,0,,5,15.82893841273519,,,True,,33.18321718869278,,,36,,,79.14469206367596
864,0,0,0,,3,10.772054258316548,,,True,,24.723998411883983,,,28,,,32.316162774949646
865,0,0,0,,4,12.340646734560051,,,False,,21.93468361890748,,,38,,,49.36258693824021
866,0,0,0,,1,11.44412888198545,,,False,,27.0269185563063,,,53,,,11.44412888198545
867,0,0,0,,5,16.109392233415555,,,False,,28.97459113544028,,,40,,,80.54696116707777
868,0,0,0,,5,17.94458598480444,,,False,,20.46455905133765,,,57,,,89.7229299240222
869,0,0,0,,1,12.978336185112711,,,True,,24.123434873856315,,,50,,,12.978336185112711
870,0,0,0,,5,16.841482912927866,,,True,,20.49199811415344,,,53,,,84.20741456463932
871,0,0,0,,1,9.45180023029776,,,True,,26.305030837932485,,,30,,,9.45180023029776
872,0,0,0,,4,13.120544152359033,,,True,,33.42650043599367,,,52,,,52.48217660943613
873,0,0,0,,3,10.178449305049586,,,True,,34.73978617240354,,,46,,,30.53534791514876
874,0,0,0,,1,11.213013883577457,,,True,,29.555713302554413,,,20,,,11.213013883577457
875,0,0,0,,2,15.986207972190028,,,True,,22.42456540676888,,,48,,,31.972415944380057
876,0,0,0,,1,18.22493723499069,,,True,,27.154342182681738,,,22,,,18.22493723499069
877,0,0,0,,5,6.822430866316481,,,False,,27.743717348000903,,,44,,,34.11215433158241
878,0,0,0,,4,14.519588847310708,,,False,,27.154342182681738,,,41,,,58.07835538924283
879,0,0,0,,4,13.732157113666975,,,True,,33.82590004177492,,,21,,,54.92862845466791
880,0,0,0,,1,6.776225587638978,,,False,,27.154342182681738,,,41,,,6.776225587638978
881,0,0,0,,3,8.178414956601635,,,True,,30.975579090847276,,,39,,,24.535244869804902
882,0,0,0,,2,9.665037420990204,,,True,,30.63771055691607,,,55,,,19.33007484198041
883,0,0,0,,4,7.503966062262522,,,False,,23.005097316446637,,,29,,,30.01586424905009
884,0,0,0,,5,8.655942237865126,,,True,,23.16510037561289,,,39,,,43.27971118932563
885,0,0,0,,5,9.014011982925611,,,True,,30.324394976408826,,,36,,,45.07005991462806
886,0,0,0,,3,10.035107495585894,,,True,,23.295841251655958,,,32,,,30.10532248675768
887,0,0,0,,4,16.240856792017386,,,True,,26.580075452045733,,,26,,,64.96342716806954
888,0,0,0,,1,13.57868305775901,,,True,,31.73002738390912,,,37,,,13.57868305775901
889,0,0,0,,5,19.793700079271023,,,True,,27.154342182681738,,,59,,,98.96850039635513
890,0,0,0,,3,11.221037404512066,,,True,,26.79892658788789,,,53,,,33.663112213536195
891,0,0,0,,4,16.307976107553877,,,False,,31.88284907412868,,,39,,,65.23190443021551
892,0,0,0,,4,18.072026320648007,,,False,,32.57932694297085,,,24,,,72.28810528259203
893,0,0,0,,4,15.18467739557063,,,True,,29.821636269263905,,,44,,,60.73870958228252
894,0,0,0,,4,11.17797110626244,,,False,,23.426387784626304,,,24,,,44.71188442504976
895,0,0,0,,4,16.303919461186297,,,True,,24.11017670578321,,,48,,,65.21567784474519
896,0,0,0,,5,8.055007066590273,,,True,,27.154342182681738,,,27,,,40.27503533295136
897,0,0,0,,3,9.913282477701989,,,True,,21.75206161600928,,,43,,,29.73984743310596
898,0,0,0,,4,13.200278826489331,,,True,,24.097394305549177,,,52,,,52.801115305957325
899,0,0,0,,2,13.631140809292225,,,False,,23.14278836468798,,,55,,,27.26228161858445
900,0,0,0,,2,5.332122132089442,,,False,,26.829931247129032,,,59,,,10.664244264178883
901,0,0,0,,3,19.176712831340133,,,False,,33.62656321808397,,,23,,,57.5301384940204
902,0,0,0,,1,15.44940906826085,,,False,,21.56720475130937,,,27,,,15.44940906826085
903,0,0,0,,1,12.435556253478364,,,True,,30.80401885921093,,,51,,,12.435556253478364
904,0,0,0,,1,18.996908516124627,,,False,,30.309245066196915,,,28,,,18.996908516124627
905,0,0,0,,2,11.586433478762428,,,True,,21.436312979950365,,,51,,,23.172866957524853
906,0,0,0,,1,19.70653355405557,,,True,,33.838586073587,,,23,,,19.70653355405557
907,0,0,0,,5,12.684271358652277,,,False,,28.52708303235229,,,22,,,63.42135679326138
908,0,0,0,,4,6.714286549969692,,,True,,25.455882817035263,,,53,,,26.85714619987877
909,0,0,0,,2,16.47201458688916,,,False,,27.154342182681738,,,54,,,32.94402917377832
910,0,0,0,,3,15.183465876167608,,,False,,23.86048187602451,,,17,,,45.55039762850282
911,0,0,0,,3,16.594800819583803,,,False,,27.154342182681738,,,54,,,49.78440245875141
912,0,0,0,,4,19.271630430885217,,,False,,20.59566811358371,,,47,,,77.08652172354087
913,0,0,0,,2,16.64733953976527,,,False,,32.591120564139075,,,46,,,33.29467907953054
914,0,0,0,,1,14.170049033249704,,,True,,26.722562705319778,,,21,,,14.170049033249704
915,0,0,0,,1,17.859633535412613,,,False,,29.550393715369125,,,33,,,17.859633535412613
916,0,0,0,,5,15.098696590317973,,,False,,23.318567297100252,,,48,,,75.49348295158987
917,0,0,0,,5,11.121785852388848,,,True,,30.15610568987672,,,28,,,55.60892926194423
918,0,0,0,,1,18.2842964636266,,,False,,31.58360413839915,,,33,,,18.2842964636266
919,0,0,0,,3,8.328506911765594,,,False,,27.098197803265982,,,40,,,24.98552073529678
920,0,0,0,,3,15.719619123630864,,,True,,29.265903860926915,,,31,,,47.15885737089259
921,0,0,0,,5,18.223451824111358,,,True,,26.844888857335977,,,42,,,91.11725912055677
922,0,0,0,,4,15.969747795549443,,,False,,33.411370538867686,,,33,,,63.87899118219777
923,0,0,0,,1,15.459131285807851,,,True,,27.468037707714785,,,41,,,15.459131285807851
924,0,0,0,,5,16.28957441107754,,,False,,27.154342182681738,,,33,,,81.44787205538769
925,0,0,0,,5,11.975828724509665,,,True,,32.020280874053725,,,47,,,59.87914362254833
926,0,0,0,,1,18.112560232355392,,,False,,27.154342182681738,,,21,,,18.112560232355392
927,0,0,0,,1,8.051547127041367,,,False,,23.451267377862127,,,43,,,8.051547127041367
928,0,0,0,,3,6.910796240005089,,,False,,26.091231988396565,,,57,,,20.732388720015265
929,0,0,0,,4,9.282631701777674,,,True,,32.3932606366283,,,19,,,37.1305268071107
930,0,0,0,,4,12.973660951624897,,,False,,23.414488037290887,,,44,,,51.89464380649959
931,0,0,0,,1,12.65842693114007,,,True,,27.86654518786624,,,57,,,12.65842693114007
932,0,0,0,,2,17.3089813651488,,,False,,32.09145121941121,,,22,,,34.6179627302976
933,0,0,0,,5,11.068529846060262,,,False,,25.30216212692568,,,56,,,55.342649230301305
934,0,0,0,,5,12.26516639437263,,,False,,29.63314455504046,,,26,,,61.325831971863145
935,0,0,0,,1,5.200515248890935,,,False,,23.68447361073222,,,56,,,5.200515248890935
936,0,0,0,,2,11.146088546644089,,,False,,21.6391916805224,,,27,,,22.29217709328817
937,0,0,0,,3,14.716613494255132,,,True,,31.91576337639285,,,40,,,44.1498404827654
938,0,0,0,,1,5.2326249593988825,,,True,,21.484529351130604,,,32,,,5.2326249593988825
939,0,0,0,,1,9.213229477793655,,,True,,24.07072092619377,,,56,,,9.213229477793655
940,0,0,0,,5,8.119345389340848,,,False,,32.8266413299616,,,34,,,40.59672694670424
941,0,0,0,,1,5.629781433643823,,,False,,27.154342182681738,,,30,,,5.629781433643823
942,0,0,0,,1,12.188901348718062,,,True,,34.59568024271242,,,51,,,12.188901348718062
943,0,0,0,,1,7.725849398422348,,,False,,34.6960150216079,,,17,,,7.725849398422348
944,0,0,0,,5,16.146223094470702,,,False,,24.02414030680335,,,41,,,80.73111547235351
945,0,0,0,,3,17.718918256450227,,,False,,20.61467333374836,,,29,,,53.15675476935069
946,0,0,0,,3,13.183777740037216,,,True,,30.575949263080688,,,48,,,39.55133322011165
947,0,0,0,,1,19.72561013781712,,,True,,26.764797539725155,,,59,,,19.72561013781712
948,0,0,0,,5,11.75717857205893,,,True,,21.511292659393643,,,36,,,58.78589286029465
949,0,0,0,,3,12.700523153373734,,,True,,30.61284228467064,,,54,,,38.1015694601212
950,0,0,0,,3,19.83826630936625,,,True,,20.46762363667882,,,37,,,59.51479892809876
951,0,0,0,,3,8.473226539475732,,,False,,33.05295035738363,,,18,,,25.4196796184272
952,0,0,0,,5,19.138189095153574,,,False,,22.07978793669956,,,55,,,95.69094547576788
953,0,0,0,,5,5.642563326786699,,,False,,21.909678181200874,,,37,,,28.212816633933496
954,0,0,0,,1,11.69580335394792,,,False,,22.635084469528767,,,23,,,11.69580335394792
955,0,0,0,,4,6.050052681995987,,,True,,34.403995377380994,,,38,,,24.200210727983947
956,0,0,0,,3,15.938521143704644,,,True,,30.39754040380769,,,35,,,47.81556343111393
957,0,0,0,,4,14.126134038200266,,,False,,32.02057303195455,,,55,,,56.504536152801066
958,0,0,0,,5,15.599513952013949,,,True,,25.96452478599129,,,30,,,77.99756976006974
959,0,0,0,,5,10.617205999520255,,,False,,25.04469091257433,,,39,,,53.08602999760127
960,0,0,0,,5,10.542229010470704,,,False,,23.51726010174755,,,40,,,52.71114505235352
961,0,0,0,,4,5.679789184413419,,,False,,27.20972042468613,,,59,,,22.71915673765368
962,0,0,0,,5,10.249174092944596,,,False,,28.277431003012527,,,23,,,51.24587046472298
963,0,0,0,,1,18.93932603393089,,,True,,29.47662265479133,,,29,,,18.93932603393089
964,0,0,0,,5,10.688398057706737,,,False,,23.85677755998042,,,53,,,53.44199028853368
965,0,0,0,,2,17.47051559332955,,,True,,34.22981121354486,,,47,,,34.9410311866591
966,0,0,0,,4,17.634882571249012,,,False,,22.54637747310704,,,15,,,70.53953028499605
967,0,0,0,,2,10.598617345688506,,,False,,34.484797621496185,,,19,,,21.19723469137701
968,0,0,0,,5,14.479830205942836,,,False,,20.22284183761256,,,23,,,72.39915102971418
969,0,0,0,,1,6.43057403409588,,,False,,27.216885377252684,,,58,,,6.43057403409588
970,0,0,0,,3,6.555178711014147,,,True,,25.000517571748443,,,20,,,19.66553613304244
971,0,0,0,,5,5.7298649549257,,,False,,26.73685120895376,,,42,,,28.649324774628496
972,0,0,0,,1,13.715226400626642,,,True,,28.559968684711837,,,59,,,13.715226400626642
973,0,0,0,,4,11.391064664391456,,,False,,27.154342182681738,,,40,,,45.56425865756582
974,0,0,0,,2,13.2204853499636,,,False,,26.22270275452392,,,42,,,26.440970699927203
975,0,0,0,,2,12.816097857625817,,,False,,30.9908512311996,,,54,,,25.632195715251637
976,0,0,0,,2,10.253044866360954,,,True,,30.28814412629697,,,29,,,20.506089732721907
977,0,0,0,,4,15.162101222352094,,,False,,27.154342182681738,,,20,,,60.648404889408376
978,0,0,0,,1,16.37752821374586,,,False,,23.749384718592434,,,41,,,16.37752821374586
979,0,0,0,,4,5.219423883165136,,,False,,29.14292764631095,,,52,,,20.877695532660542
980,0,0,0,,2,8.108634496533174,,,False,,27.154342182681738,,,18,,,16.217268993066348
981,0,0,0,,5,15.698538021250052,,,False,,25.54606716309033,,,25,,,78.49269010625025
982,0,0,0,,3,10.799302589507512,,,True,,27.290863128540213,,,35,,,32.397907768522536
983,0,0,0,,4,14.937259204124125,,,True,,27.154342182681738,,,44,,,59.74903681649649
984,0,0,0,,4,10.204439896018377,,,False,,22.127665964254778,,,32,,,40.81775958407351
985,0,0,0,,1,10.861327284944556,,,False,,23.207018159940997,,,49,,,10.861327284944556
986,0,0,0,,1,7.3801831053452736,,,True,,21.582704696018016,,,17,,,7.3801831053452736
987,0,0,0,,4,8.8734652949924,,,False,,27.154342182681738,,,26,,,35.4938611799696
988,0,0,0,,2,14.081176362613808,,,True,,29.910910896637272,,,41,,,28.162352725227617
989,0,0,0,,3,11.497446669727497,,,False,,34.25909557369809,,,44,,,34.492340009182485
990,0,0,0,,1,16.61454024416893,,,False,,30.94517620470862,,,35,,,16.61454024416893
991,0,0,0,,2,17.788774324075142,,,True,,20.78068758134197,,,52,,,35.577548648150284
992,0,0,0,,5,13.1246962732514,,,False,,33.26367760893432,,,35,,,65.623481366257
993,0,0,0,,1,16.37400938084089,,,True,,32.94012744418589,,,52,,,16.37400938084089
994,0,0,0,,2,9.60356769791855,,,True,,26.64980481159048,,,54,,,19.2071353958371
995,0,0,0,,2,11.224568231001172,,,True,,28.787945757918823,,,29,,,22.449136462002347
996,0,0,0,,3,15.691665143252465,,,False,,34.64117498708778,,,32,,,47.074995429757394
997,0,0,0,,3,10.79317989225546,,,True,,27.984565457722493,,,43,,,32.37953967676638
998,0,0,0,,5,13.827574027384832,,,True,,33.57982742564135,,,52,,,69.13787013692416
999,0,0,0,,2,7.780591686237672,,,False,,21.245581367152795,,,35,,,15.561183372475345
